1,16.75,CDKN2A,19
2,16.75,PTEN,19
3,15.75,EGFR,19
4,15.75,TP53,18
5,13.75,PIK3CA,16
6,13.25,RB1,15
7,12.25,NF1,14
8,11.75,MET,14
9,11.5,CDK4,13
10,11.25,ATM,13
11,11,PDGFRA,13
12,10.75,MDM2,13
13,10.25,APC,13
14,9.75,EP300,12
15,9.75,ERCC2,11
16,9.75,KRAS,12
17,9.75,PIK3CG,12
18,9.5,BRCA1,11
19,9.5,STK11,12
20,9.25,BRCA2,11
21,9.25,ERBB2,12
22,9,BRAF,11
23,9,FBXW7,11
24,8.75,MLH1,11
25,8.75,MSH2,11
26,8.75,SMAD4,12
27,8.5,CDKN2B,10
28,8.5,FGFR3,11
29,8.5,MSH6,10
30,8.5,PIK3CB,10
31,8.5,PIK3R1,10
32,8.25,ERCC3,9
33,8.25,JAK2,9
34,8.25,KIT,11
35,8.25,RET,11
36,8,AKT1,10
37,8,PLCG1,9
38,8,SMARCA4,9
39,7.75,CDH1,11
40,7.75,CDKN1A,9
41,7.75,DNMT1,9
42,7.75,ERBB3,12
43,7.75,NOTCH1,10
44,7.5,CCND2,10
45,7.5,MYC,9
46,7.5,NRAS,9
47,7.25,AKT2,9
48,7.25,CREBBP,8
49,7.25,NF2,8
50,7.25,NTRK1,10
51,7.25,PDGFRB,9
52,7,ABL1,9
53,7,CCND1,9
54,7,CDK6,9
55,7,HSP90AA1,8
56,7,TCF3,8
57,6.75,CTNNB1,9
58,6.75,FGFR1,9
59,6.75,FIGF,8
60,6.75,HRAS,8
61,6.75,NTRK3,9
62,6.75,WT1,9
63,6.5,CDC42,9
64,6.5,EXT1,7
65,6.5,FOXO3,8
66,6.5,MDM4,8
67,6.5,PDGFA,8
68,6.5,PMS2,8
69,6.5,RUNX1,7
70,6.5,VHL,8
71,6.5,WRN,7
72,6.25,ALK,7
73,6.25,AR,7
74,6.25,CDKN2C,9
75,6.25,CHEK1,9
76,6.25,CHEK2,8
77,6.25,ERCC5,7
78,6.25,FAS,8
79,6.25,FGFR2,9
80,6.25,HDAC1,7
81,6.25,KDR,9
82,6.25,NOS3,9
83,6.25,PTCH1,8
84,6.25,TERT,8
85,6.25,TSC2,8
86,6,BLM,7
87,6,CBL,7
88,6,COL1A1,8
89,6,EVI1,6
90,6,MAP2K4,8
91,6,PDGFB,8
92,6,9-Sep,6
93,6,TGFBR2,9
94,6,TRRAP,8
95,5.75,EGF,7
96,5.75,FLT3,8
97,5.75,GRB2,7
98,5.75,NCAM1,7
99,5.75,NOS2,7
100,5.5,BUB1B,7
101,5.5,CDKN1B,8
102,5.5,DIRAS3,6
103,5.5,DOT1L,6
104,5.5,EPHB1,8
105,5.5,EPHB6,7
106,5.5,GNAS,7
107,5.5,HIF1A,7
108,5.5,MRE11A,6
109,5.5,PLCG2,6
110,5.5,PRKDC,7
111,5.5,PTPN11,7
112,5.5,RAD50,6
113,5.5,RAD51,6
114,5.5,SPRY2,7
115,5.25,FANCA,6
116,5.25,FANCF,6
117,5.25,FGFR4,7
118,5.25,FLT1,7
119,5.25,FOXO1,6
120,5.25,MAP2K1,7
121,5.25,PPP2R1A,6
122,5.25,PTGS2,6
123,5.25,SHC1,7
124,5.25,TPO,6
125,5.25,XPA,6
126,5.25,XPC,6
127,5,BAI3,7
128,5,BARD1,6
129,5,BCL2,7
130,5,CARM1,5
131,5,CDK2,7
132,5,CERK,5
133,5,DGKZ,7
134,5,E2F1,7
135,5,EPHA3,6
136,5,EPO,7
137,5,ERBB4,7
138,5,FANCE,5
139,5,FH,5
140,5,FLT4,7
141,5,IRS1,7
142,5,MAPK1,7
143,5,NBN,7
144,5,PLCB1,5
145,5,PRKCZ,7
146,5,SMARCB1,5
147,5,TCF12,6
148,5,TPR,6
149,5,VEGFA,8
150,4.75,ABCC3,6
151,4.75,CD44,6
152,4.75,CDKN2D,7
153,4.75,CSF1R,7
154,4.75,DPYD,6
155,4.75,ESR2,7
156,4.75,EWSR1,6
157,4.75,FANCD2,6
158,4.75,FOS,6
159,4.75,LMO2,7
160,4.75,NOTCH3,6
161,4.75,PARP1,6
162,4.75,PRKCA,7
163,4.75,SMAD2,6
164,4.75,SMAD3,6
165,4.75,TSC1,7
166,4.5,ADCY9,5
167,4.5,AGAP2,6
168,4.5,BAX,6
169,4.5,BCL11A,6
170,4.5,BCR,6
171,4.5,BIRC5,7
172,4.5,CAV1,7
173,4.5,CCNE1,6
174,4.5,DGKB,5
175,4.5,EPHB4,6
176,4.5,ERCC6,6
177,4.5,ESR1,6
178,4.5,ETV1,5
179,4.5,FLNC,5
180,4.5,FN1,6
181,4.5,GSK3B,5
182,4.5,HDAC2,5
183,4.5,HOXA9,6
184,4.5,MEN1,6
185,4.5,MYH9,5
186,4.5,NCOA2,5
187,4.5,PCNA,6
188,4.5,PML,6
189,4.5,PPARG,6
190,4.5,PPARGC1A,5
191,4.5,RARA,6
192,4.5,SKP2,6
193,4.5,SOCS1,6
194,4.5,SOS1,5
195,4.5,SRC,6
196,4.5,TEK,6
197,4.5,TOP2A,7
198,4.5,TPM3,6
199,4.25,ABCA1,7
200,4.25,APC2,5
201,4.25,AURKA,5
202,4.25,CCND3,5
203,4.25,CD40LG,5
204,4.25,CDX2,5
205,4.25,CEBPA,5
206,4.25,CYP19A1,5
207,4.25,DNMT3B,5
208,4.25,ERCC1,5
209,4.25,ERCC4,5
210,4.25,ETV4,5
211,4.25,FES,6
212,4.25,GAB1,5
213,4.25,HGF,7
214,4.25,IFNG,5
215,4.25,IGF2R,5
216,4.25,INSR,7
217,4.25,KLF6,6
218,4.25,MPL,5
219,4.25,MUTYH,5
220,4.25,MYCL1,5
221,4.25,NR3C1,5
222,4.25,PIK3C3,5
223,4.25,PIK3CD,5
224,4.25,PIK3R2,5
225,4.25,PPP1R3A,5
226,4.25,PPP2R1B,5
227,4.25,PTPRB,6
228,4.25,RECQL4,5
229,4.25,ROS1,6
230,4.25,RPS6KA2,5
231,4.25,SDHB,5
232,4.25,SP1,6
233,4.25,THBS1,7
234,4.25,TP73,5
235,4,ANAPC5,4
236,4,ATR,6
237,4,BCL3,4
238,4,BIRC6,4
239,4,BRIP1,4
240,4,CBFA2T3,5
241,4,CDC73,4
242,4,CDK7,4
243,4,CLTC,4
244,4,CSMD3,6
245,4,CSNK1G2,4
246,4,CTNNA1,4
247,4,CYP1B1,6
248,4,DDB2,4
249,4,DGKI,5
250,4,ELOVL2,5
251,4,EP400,6
252,4,EPHA8,5
253,4,EPHB2,6
254,4,ERG,4
255,4,EXT2,4
256,4,FANCC,4
257,4,FANCG,4
258,4,FRAP1,5
259,4,GATA1,4
260,4,GMPS,4
261,4,GPC3,4
262,4,HDAC4,4
263,4,HIPK2,5
264,4,HMGA1,6
265,4,HOXD11,4
266,4,IDH1,4
267,4,IGF1R,6
268,4,IGFBP3,6
269,4,KALRN,6
270,4,KAT2B,4
271,4,LAMA1,4
272,4,LAMP1,5
273,4,LDHA,5
274,4,LTBP1,5
275,4,MAPK3,6
276,4,MAPK8IP2,6
277,4,MINPP1,4
278,4,MLL,4
279,4,MLL3,5
280,4,MST1R,6
281,4,MUC1,6
282,4,MYST4,5
283,4,NAV3,5
284,4,NOTCH2,4
285,4,NSD1,4
286,4,PAFAH1B2,4
287,4,PAK7,6
288,4,PARP2,4
289,4,PIGS,4
290,4,POLE,4
291,4,PPP1R13L,4
292,4,PPP2CB,4
293,4,PPP2R2B,4
294,4,PTCH2,4
295,4,PTK2,6
296,4,PTPRD,4
297,4,RAD51L1,4
298,4,RHEB,4
299,4,RHOA,6
300,4,RPS6KA1,4
301,4,RPS6KB1,4
302,4,RUNX1T1,6
303,4,SDHC,4
304,4,SDHD,4
305,4,SNCG,5
306,4,SOCS2,5
307,4,SPEN,4
308,4,TFE3,4
309,4,TGFBR1,5
310,4,TLX1,4
311,4,TNK2,5
312,4,ZNF331,4
313,3.75,ADM,5
314,3.75,APEX1,5
315,3.75,AXL,6
316,3.75,BIRC3,5
317,3.75,BMP4,5
318,3.75,BMPR1A,5
319,3.75,CDC25A,5
320,3.75,CHN1,6
321,3.75,DDIT3,6
322,3.75,DGKG,5
323,3.75,ENPP2,6
324,3.75,EPHA2,6
325,3.75,ETS2,5
326,3.75,FHIT,5
327,3.75,FURIN,6
328,3.75,GSTT1,5
329,3.75,HDAC3,5
330,3.75,ICAM1,5
331,3.75,IL2,5
332,3.75,IL2RA,5
333,3.75,ITGB3,6
334,3.75,JAK3,5
335,3.75,MAP3K1,5
336,3.75,MAPK9,6
337,3.75,MYCN,6
338,3.75,NUP214,5
339,3.75,PGR,6
340,3.75,PPARA,5
341,3.75,PRKCG,5
342,3.75,PTPRC,5
343,3.75,PTPRF,5
344,3.75,RAF1,5
345,3.75,SMO,5
346,3.75,SUFU,5
347,3.75,TAL1,5
348,3.75,TGFB3,5
349,3.75,TK1,5
350,3.75,VDR,5
351,3.5,ABCG2,4
352,3.5,ACSL6,4
353,3.5,ADA,5
354,3.5,ADCY1,4
355,3.5,AK5,5
356,3.5,AKAP6,4
357,3.5,ARNT,5
358,3.5,BCAR1,5
359,3.5,BCL2L1,6
360,3.5,CACNA1F,4
361,3.5,CACNA2D3,4
362,3.5,CHL1,5
363,3.5,CIT,4
364,3.5,CTNNA2,4
365,3.5,CXCR4,5
366,3.5,CYLD,5
367,3.5,DAB2,4
368,3.5,DGKD,5
369,3.5,DOCK1,5
370,3.5,DUSP26,5
371,3.5,EIF4E,5
372,3.5,ERRFI1,4
373,3.5,FBLN1,5
374,3.5,GDA,4
375,3.5,GLI1,5
376,3.5,GNAI1,6
377,3.5,GRM1,6
378,3.5,HDAC6,4
379,3.5,HMGA2,5
380,3.5,HMGB1,4
381,3.5,HSD11B1,4
382,3.5,HSP90AB1,4
383,3.5,ICAM3,4
384,3.5,IMPA1,4
385,3.5,INPP4A,4
386,3.5,INPP5A,4
387,3.5,INPPL1,4
388,3.5,ITGAV,5
389,3.5,ITPK1,4
390,3.5,JUN,5
391,3.5,KEAP1,4
392,3.5,LCK,5
393,3.5,LCP1,4
394,3.5,LGALS3,6
395,3.5,LOX,6
396,3.5,MAPKBP1,5
397,3.5,MDC1,4
398,3.5,MGMT,5
399,3.5,MIF,5
400,3.5,MMP9,6
401,3.5,MSN,5
402,3.5,MYST3,4
403,3.5,NCOR2,4
404,3.5,NOV,4
405,3.5,NPM1,4
406,3.5,NR0B1,4
407,3.5,NUP133,4
408,3.5,NUP98,4
409,3.5,PAK6,4
410,3.5,PHLPP,6
411,3.5,PI4KA,4
412,3.5,PIK3C2B,5
413,3.5,PIM1,5
414,3.5,PIP4K2C,5
415,3.5,PLCB4,4
416,3.5,PMS1,5
417,3.5,POLR2E,4
418,3.5,PRKAR1A,4
419,3.5,PRKCB,6
420,3.5,PRKCD,5
421,3.5,PTBP1,5
422,3.5,PTPN6,4
423,3.5,PTPRA,4
424,3.5,RPN1,5
425,3.5,SAT1,6
426,3.5,5-Sep,4
427,3.5,SH3GL2,5
428,3.5,SIRT1,4
429,3.5,SNW1,4
430,3.5,SS18,4
431,3.5,STAT3,5
432,3.5,TAF1,5
433,3.5,TFRC,5
434,3.5,TNC,5
435,3.5,TOP1,6
436,3.5,TOPBP1,4
437,3.5,TSHR,4
438,3.5,UBE2C,4
439,3.5,USP7,4
440,3.5,WWOX,4
441,3.5,ZBTB16,4
442,3.25,AKT3,4
443,3.25,ALDH1A1,5
444,3.25,ANAPC2,4
445,3.25,BSG,4
446,3.25,CASC5,4
447,3.25,CCK,7
448,3.25,CCR1,4
449,3.25,CDC2,4
450,3.25,CDC25C,4
451,3.25,CHAT,5
452,3.25,CHIC2,4
453,3.25,CIITA,4
454,3.25,CKB,5
455,3.25,CSNK2A1,4
456,3.25,CYP1A1,4
457,3.25,CYP1A2,4
458,3.25,DAPK1,4
459,3.25,DLEC1,4
460,3.25,DST,5
461,3.25,EDN1,4
462,3.25,ELL,4
463,3.25,EPHA5,4
464,3.25,ERN1,4
465,3.25,FADD,4
466,3.25,FASN,4
467,3.25,FGF2,4
468,3.25,FGF9,5
469,3.25,GJA1,5
470,3.25,GNRH1,4
471,3.25,GSTP1,4
472,3.25,HNF1A,4
473,3.25,HOXA11,4
474,3.25,HSPA4,4
475,3.25,IGF1,4
476,3.25,IL3,4
477,3.25,IQGAP1,6
478,3.25,LATS1,4
479,3.25,LDHB,4
480,3.25,LIFR,4
481,3.25,LTK,4
482,3.25,MAD2L1,5
483,3.25,MAP2,6
484,3.25,MUSK,4
485,3.25,MYO18B,4
486,3.25,NCOA4,4
487,3.25,NKX2-1,4
488,3.25,NOS1,4
489,3.25,NUDT1,4
490,3.25,PARK2,4
491,3.25,PGK1,4
492,3.25,PIP4K2A,4
493,3.25,PLAGL1,4
494,3.25,PLAT,4
495,3.25,PLK1,4
496,3.25,PRKCI,4
497,3.25,PTK2B,6
498,3.25,PTPN1,5
499,3.25,RAC3,5
500,3.25,RCHY1,4
501,3.25,ROBO1,4
502,3.25,ROR1,4
503,3.25,RPL22,4
504,3.25,RRM1,4
505,3.25,SLC2A1,4
506,3.25,SSX4,4
507,3.25,STIL,4
508,3.25,SUV39H2,4
509,3.25,TGFBI,6
510,3.25,TIAM1,4
511,3.25,TRIP11,4
512,3.25,TYK2,5
513,3.25,TYMS,5
514,3.25,VEGFC,4
515,3,ABCA13,4
516,3,ABCA5,3
517,3,ABCD4,3
518,3,ABL2,3
519,3,ADAM12,5
520,3,ADAMTS12,3
521,3,ADAMTS20,4
522,3,ADAMTSL3,4
523,3,ADHFE1,3
524,3,AHR,4
525,3,AKAP9,3
526,3,AKR1C3,5
527,3,ALDH1A3,4
528,3,ALDH7A1,3
529,3,ANAPC4,3
530,3,ASMT,3
531,3,ATIC,3
532,3,ATRX,3
533,3,BCL6,3
534,3,BCL9,3
535,3,BTG1,3
536,3,CALM1,4
537,3,CARD11,3
538,3,CARS,3
539,3,CASP3,3
540,3,CCNB1IP1,3
541,3,CDC14A,3
542,3,CDK8,5
543,3,CHD8,3
544,3,CHST12,3
545,3,CIC,3
546,3,CLTCL1,3
547,3,COL1A2,5
548,3,COL3A1,4
549,3,COMT,3
550,3,COX6C,3
551,3,CPT1B,3
552,3,CRTC1,3
553,3,CYP17A1,3
554,3,CYP21A2,3
555,3,CYP3A4,4
556,3,DCN,5
557,3,DDB1,3
558,3,DDR1,4
559,3,DDR2,4
560,3,DDX23,3
561,3,DGKE,3
562,3,DLL1,3
563,3,DPAGT1,3
564,3,DUSP2,3
565,3,DUSP3,3
566,3,ELK1,3
567,3,EPHA7,4
568,3,ETS1,5
569,3,ETV6,3
570,3,EYA2,4
571,3,F8,3
572,3,FAM123B,3
573,3,FCGR2B,4
574,3,FGF13,4
575,3,FLCN,3
576,3,FLI1,4
577,3,FUT1,4
578,3,FZD7,4
579,3,GALNT5,3
580,3,GATA6,4
581,3,GFAP,5
582,3,GPHN,3
583,3,GSN,3
584,3,GUCY2F,3
585,3,HDAC7,3
586,3,HERC2,3
587,3,HOXA13,3
588,3,HOXC13,3
589,3,HOXD13,3
590,3,HSD17B1,3
591,3,HSD17B2,3
592,3,HSD3B2,3
593,3,HUWE1,3
594,3,IDH2,3
595,3,IKBKAP,3
596,3,IL6,5
597,3,IL8,5
598,3,ILK,5
599,3,IMPA2,3
600,3,INPP1,3
601,3,INPP4B,3
602,3,INPP5B,3
603,3,INPP5E,3
604,3,INPP5J,3
605,3,ITPKA,4
606,3,ITPR2,3
607,3,KDSR,3
608,3,KIAA0774,4
609,3,KIAA1303,3
610,3,LIG3,3
611,3,MADD,4
612,3,MAFB,4
613,3,MALT1,3
614,3,MAML2,3
615,3,MAOA,3
616,3,MAPK14,5
617,3,MAPK8,5
618,3,MARK4,4
619,3,MATK,4
620,3,MDH1,4
621,3,MGA,3
622,3,MLH3,3
623,3,MLLT4,3
624,3,MMP2,5
625,3,MYB,5
626,3,NCOA3,3
627,3,NFKB1,3
628,3,NFKB2,3
629,3,NFKBIA,3
630,3,NRP1,4
631,3,NTRK2,5
632,3,OLIG2,5
633,3,PAK1,3
634,3,PAK3,4
635,3,PALB2,3
636,3,PAX8,3
637,3,PCM1,3
638,3,PFKP,3
639,3,PI4KB,3
640,3,PIKFYVE,3
641,3,PKM2,3
642,3,PLCB2,3
643,3,PLD2,3
644,3,POLD1,3
645,3,POLE3,3
646,3,POLR1D,3
647,3,POLR2B,3
648,3,POSTN,5
649,3,PPAP2C,3
650,3,PPARGC1B,3
651,3,PPME1,3
652,3,PPP2R4,3
653,3,PPP3CA,4
654,3,PPP3CB,4
655,3,PRMT1,3
656,3,PRPS1,3
657,3,PSEN1,3
658,3,PTPRK,3
659,3,PTPRM,3
660,3,RAC1,4
661,3,RAD52,3
662,3,RAD54B,3
663,3,RAD54L,3
664,3,RANBP17,3
665,3,RAP2A,5
666,3,RARB,3
667,3,RELA,3
668,3,RICTOR,3
669,3,ROBO2,3
670,3,ROR2,4
671,3,RPA3,3
672,3,RPS6KB2,3
673,3,RRM2B,3
674,3,RUNX2,4
675,3,SCYL1,3
676,3,SETD7,3
677,3,SETDB1,3
678,3,SFRS3,3
679,3,SGK1,3
680,3,SGPP1,3
681,3,SIK2,4
682,3,SMAD7,4
683,3,SPHKAP,3
684,3,SPP1,5
685,3,SSX2,3
686,3,STAG2,3
687,3,STAG3,3
688,3,SULF1,5
689,3,TFEB,3
690,3,TFG,3
691,3,TFPT,3
692,3,TLX3,3
693,3,TMPRSS2,3
694,3,TNFRSF1B,5
695,3,TOP2B,4
696,3,TUSC3,5
697,3,UBE2B,3
698,3,UBE2M,3
699,3,UBE2O,3
700,3,UBR5,3
701,3,WNT11,3
702,3,WNT8B,3
703,3,XRCC1,3
704,3,ZMYM2,3
705,3,ZNF384,4
706,2.75,ABI1,5
707,2.75,ADAM15,5
708,2.75,AKAP12,4
709,2.75,ALCAM,4
710,2.75,B3GAT1,4
711,2.75,CASP8,4
712,2.75,CCNA2,4
713,2.75,CD9,4
714,2.75,CDH13,4
715,2.75,CDK9,4
716,2.75,CHUK,4
717,2.75,CNTN1,5
718,2.75,CSNK2A2,4
719,2.75,DGKH,4
720,2.75,DLC1,4
721,2.75,DNM3,5
722,2.75,E2F4,4
723,2.75,EPHA10,4
724,2.75,EPHB3,4
725,2.75,EPS15,4
726,2.75,FASLG,4
727,2.75,FLNA,4
728,2.75,GRB10,4
729,2.75,HSPA8,5
730,2.75,IL1B,4
731,2.75,IL1R1,4
732,2.75,ING1,4
733,2.75,ITGB2,5
734,2.75,JUND,4
735,2.75,KLK3,4
736,2.75,LAMA5,4
737,2.75,LATS2,5
738,2.75,MAGEA1,5
739,2.75,MAP2K3,4
740,2.75,NOTCH4,5
741,2.75,NR2F2,4
742,2.75,NUMB,4
743,2.75,OLIG1,4
744,2.75,PAX5,5
745,2.75,PDPK1,5
746,2.75,PLA2G2A,4
747,2.75,PLAG1,5
748,2.75,PLK3,4
749,2.75,PTPRT,4
750,2.75,PTTG1,4
751,2.75,RHOC,4
752,2.75,ROCK1,4
753,2.75,SDC1,4
754,2.75,SMAD6,4
755,2.75,SOD2,4
756,2.75,STAT1,5
757,2.75,SYK,4
758,2.75,SYNJ2,4
759,2.75,SYP,6
760,2.75,TES,4
761,2.75,TIE1,4
762,2.75,TNFRSF1A,4
763,2.75,TP63,4
764,2.75,TRIM24,5
765,2.75,TTK,4
766,2.75,TYMP,4
767,2.75,VCAM1,4
768,2.75,XRCC6,4
769,2.5,ABCB1,4
770,2.5,ABCD2,3
771,2.5,ACPP,3
772,2.5,ACSBG1,4
773,2.5,ACVR1B,3
774,2.5,ACVR2A,3
775,2.5,ADAM19,3
776,2.5,AFF4,3
777,2.5,AKAP13,3
778,2.5,AKR1C1,4
779,2.5,ALDH2,3
780,2.5,AMBP,3
781,2.5,AMFR,4
782,2.5,AMH,3
783,2.5,ANGPT1,4
784,2.5,APBB1IP,4
785,2.5,ARHGAP29,3
786,2.5,ARHGEF7,3
787,2.5,ASL,3
788,2.5,ATF2,3
789,2.5,ATF3,3
790,2.5,ATP6V1E1,4
791,2.5,ATRNL1,4
792,2.5,BAI1,4
793,2.5,BCL11B,4
794,2.5,BCL7A,3
795,2.5,BMPR2,3
796,2.5,BRD4,3
797,2.5,CACNA1G,3
798,2.5,CAMK2A,4
799,2.5,CAMK2B,4
800,2.5,CAMK2G,4
801,2.5,CASP4,3
802,2.5,CCL2,3
803,2.5,CCNG1,3
804,2.5,CD19,3
805,2.5,CDH4,3
806,2.5,CDKL5,5
807,2.5,CDKN1C,4
808,2.5,CENPF,5
809,2.5,CLP1,3
810,2.5,CSF3,4
811,2.5,CTBP1,3
812,2.5,CTNND2,3
813,2.5,CUL4A,4
814,2.5,DNM1,4
815,2.5,DSCAML1,3
816,2.5,DTX1,3
817,2.5,E2F3,3
818,2.5,EDIL3,4
819,2.5,EDNRB,3
820,2.5,EHMT2,3
821,2.5,EIF4A2,3
822,2.5,ELF1,3
823,2.5,ELF4,3
824,2.5,ENO1,4
825,2.5,EPHA1,4
826,2.5,EPHA4,4
827,2.5,EPHA6,4
828,2.5,ETNK2,4
829,2.5,FAM171B,3
830,2.5,FBN2,3
831,2.5,FGF1,4
832,2.5,FGF14,3
833,2.5,FHL2,4
834,2.5,FOXO4,4
835,2.5,FRMPD4,3
836,2.5,FRS2,3
837,2.5,FSTL3,3
838,2.5,FZD3,3
839,2.5,FZD6,3
840,2.5,GANAB,3
841,2.5,GAS1,3
842,2.5,GATA3,4
843,2.5,GCLC,4
844,2.5,GDF6,3
845,2.5,GHR,3
846,2.5,GLG1,3
847,2.5,GLI3,4
848,2.5,GPR158,3
849,2.5,GRIN2A,3
850,2.5,GRIN2B,3
851,2.5,GRM3,4
852,2.5,GSTM2,4
853,2.5,GUK1,3
854,2.5,HECW1,3
855,2.5,HEPH,3
856,2.5,HLA-G,4
857,2.5,HLF,3
858,2.5,HSPA2,3
859,2.5,ID1,4
860,2.5,IGF2,4
861,2.5,IGFBP2,5
862,2.5,IKBKB,3
863,2.5,IL13,4
864,2.5,IL13RA2,3
865,2.5,IL15,4
866,2.5,IL6ST,3
867,2.5,ING4,4
868,2.5,ITGA5,3
869,2.5,ITGA8,3
870,2.5,KCNB1,4
871,2.5,KDM1,3
872,2.5,KDM4B,3
873,2.5,KIAA1598,4
874,2.5,KIF2C,3
875,2.5,KLF4,4
876,2.5,KLK7,5
877,2.5,KTN1,4
878,2.5,LFNG,3
879,2.5,LHFP,3
880,2.5,LINGO2,5
881,2.5,LMNB2,3
882,2.5,LMO7,3
883,2.5,LPAR1,3
884,2.5,LRP5,3
885,2.5,LRP6,3
886,2.5,LRRC7,3
887,2.5,LYN,4
888,2.5,MAGEE1,3
889,2.5,MAML1,3
890,2.5,MAP2K6,4
891,2.5,MAP2K7,4
892,2.5,MAP4K4,3
893,2.5,MBD2,4
894,2.5,MKI67,4
895,2.5,MLF1IP,4
896,2.5,MLLT11,3
897,2.5,MN1,4
898,2.5,MNAT1,3
899,2.5,MYH11,3
900,2.5,MYOD1,3
901,2.5,NADK,3
902,2.5,NAT2,4
903,2.5,NCOA6,3
904,2.5,NEK10,4
905,2.5,NFATC1,3
906,2.5,NIPBL,3
907,2.5,NODAL,3
908,2.5,NR2E1,3
909,2.5,NUP153,3
910,2.5,NUPL1,3
911,2.5,P2RX7,3
912,2.5,PAPSS2,4
913,2.5,PCSK7,3
914,2.5,PDE4DIP,3
915,2.5,PEG3,3
916,2.5,PHB,3
917,2.5,PHLPPL,3
918,2.5,PIP5K1B,3
919,2.5,PLS3,3
920,2.5,PLSCR1,3
921,2.5,POLA1,3
922,2.5,POLD4,3
923,2.5,POLR2A,3
924,2.5,POLR2F,3
925,2.5,POLR2H,3
926,2.5,POLR2K,3
927,2.5,POLR2L,3
928,2.5,POLRMT,3
929,2.5,POU2AF1,3
930,2.5,PPFIA2,4
931,2.5,PPM1D,3
932,2.5,PPM1E,3
933,2.5,PPP1R13B,3
934,2.5,PPP3R1,3
935,2.5,PRDM16,3
936,2.5,PRKACG,3
937,2.5,PRMT8,3
938,2.5,PTPRJ,3
939,2.5,PTPRS,3
940,2.5,RAB3D,4
941,2.5,RAC2,3
942,2.5,RAD21,3
943,2.5,RAN,3
944,2.5,RAP1GDS1,3
945,2.5,RASGRF1,3
946,2.5,RASGRF2,3
947,2.5,RBPJ,3
948,2.5,RIMS2,3
949,2.5,RPS6KA3,4
950,2.5,RYR3,5
951,2.5,SERPINB5,4
952,2.5,SERPINE1,5
953,2.5,SFRP4,3
954,2.5,SGPP2,3
955,2.5,SHC2,3
956,2.5,SHOX2,3
957,2.5,SIRT5,3
958,2.5,SLC45A3,3
959,2.5,SOX11,5
960,2.5,STAT6,3
961,2.5,STYK1,5
962,2.5,SUV39H1,3
963,2.5,TBK1,4
964,2.5,TFAP2A,3
965,2.5,TFDP1,3
966,2.5,TFPI2,4
967,2.5,THBD,3
968,2.5,TLR4,3
969,2.5,TMEFF2,3
970,2.5,TNF,4
971,2.5,TNFRSF10B,4
972,2.5,TNFRSF10D,4
973,2.5,TNFRSF8,4
974,2.5,TP53BP1,3
975,2.5,TPM4,3
976,2.5,TRAF2,3
977,2.5,TRIM33,4
978,2.5,TYRO3,4
979,2.5,UBE2I,3
980,2.5,WNT10B,3
981,2.5,XIAP,4
982,2.5,ZNF217,3
983,2.25,A2M,4
984,2.25,ABCA3,3
985,2.25,ABCC1,3
986,2.25,ABCC4,4
987,2.25,AKR1C2,3
988,2.25,ALDOA,3
989,2.25,ALDOC,4
990,2.25,ALPK2,3
991,2.25,ALPP,3
992,2.25,ANAPC10,3
993,2.25,ANGPT2,3
994,2.25,ANPEP,3
995,2.25,APAF1,3
996,2.25,APOD,4
997,2.25,ARAF,3
998,2.25,ATP5D,3
999,2.25,AURKB,3
1000,2.25,AURKC,3
1001,2.25,BAD,3
1002,2.25,BCL10,3
1003,2.25,BID,3
1004,2.25,BIK,3
1005,2.25,BMPR1B,4
1006,2.25,BUB1,4
1007,2.25,CAMK4,3
1008,2.25,CCKBR,4
1009,2.25,CCNA1,3
1010,2.25,CD40,3
1011,2.25,CD99,3
1012,2.25,CDC25B,3
1013,2.25,CLDN4,3
1014,2.25,CLU,3
1015,2.25,COL18A1,3
1016,2.25,COPS5,3
1017,2.25,CREB1,3
1018,2.25,CSF2,3
1019,2.25,CSTA,4
1020,2.25,CTSB,4
1021,2.25,CTSD,3
1022,2.25,CXCR7,3
1023,2.25,CYCS,3
1024,2.25,CYP24A1,3
1025,2.25,CYP2A13,3
1026,2.25,CYP2B6,3
1027,2.25,CYTB,3
1028,2.25,DBC1,5
1029,2.25,DCC,3
1030,2.25,DCX,4
1031,2.25,DDX10,3
1032,2.25,DDX6,3
1033,2.25,DES,4
1034,2.25,DGKA,3
1035,2.25,DNAJC15,3
1036,2.25,DNM2,3
1037,2.25,DUSP1,3
1038,2.25,EIF2AK4,3
1039,2.25,EIF2S1,3
1040,2.25,EIF4EBP1,3
1041,2.25,EIF5A,3
1042,2.25,ENO2,3
1043,2.25,EZH2,4
1044,2.25,FEN1,3
1045,2.25,FIP1L1,3
1046,2.25,FOSL1,3
1047,2.25,FYN,3
1048,2.25,FZD8,3
1049,2.25,GADD45A,3
1050,2.25,GALT,3
1051,2.25,GAS7,3
1052,2.25,GATA4,3
1053,2.25,GCLM,3
1054,2.25,GEFT,3
1055,2.25,GGT1,3
1056,2.25,GLO1,3
1057,2.25,GNG3,4
1058,2.25,GOLGA5,3
1059,2.25,GOPC,3
1060,2.25,GPI,3
1061,2.25,GPT,3
1062,2.25,GPX4,3
1063,2.25,GSTA1,3
1064,2.25,GSTM1,3
1065,2.25,GSTM3,3
1066,2.25,HIP1,3
1067,2.25,HLA-DQA1,3
1068,2.25,HLA-DRA,3
1069,2.25,HMGB2,4
1070,2.25,HNRNPA2B1,3
1071,2.25,HPSE,3
1072,2.25,HRASLS,4
1073,2.25,HSPB1,3
1074,2.25,IFNB1,3
1075,2.25,IGF2BP1,3
1076,2.25,IGFBP5,4
1077,2.25,IGFBP6,4
1078,2.25,IL1A,3
1079,2.25,IL1RN,3
1080,2.25,IL7R,3
1081,2.25,INHBA,3
1082,2.25,INSRR,3
1083,2.25,IRS2,4
1084,2.25,IRS4,3
1085,2.25,ITGB1,3
1086,2.25,ITK,3
1087,2.25,JUNB,3
1088,2.25,JUP,3
1089,2.25,KLK10,3
1090,2.25,L1CAM,3
1091,2.25,LGALS3BP,4
1092,2.25,LGI1,4
1093,2.25,LIG1,3
1094,2.25,LIG4,3
1095,2.25,LMTK2,3
1096,2.25,LRP1B,3
1097,2.25,MAD1L1,3
1098,2.25,MAF,3
1099,2.25,MAP2K2,3
1100,2.25,MAP3K8,3
1101,2.25,MAPK11,3
1102,2.25,MAPK12,3
1103,2.25,MAPKAP1,3
1104,2.25,MARS,3
1105,2.25,MCL1,3
1106,2.25,MDH2,3
1107,2.25,MELK,4
1108,2.25,MEOX2,4
1109,2.25,MERTK,3
1110,2.25,METTL7B,3
1111,2.25,MKL1,3
1112,2.25,MOBKL1B,3
1113,2.25,MPO,3
1114,2.25,MST1,3
1115,2.25,MTHFR,3
1116,2.25,NCK1,3
1117,2.25,NCKIPSD,3
1118,2.25,NDUFA13,3
1119,2.25,NMBR,4
1120,2.25,NME1,3
1121,2.25,NPY,4
1122,2.25,NRP2,3
1123,2.25,NUMA1,3
1124,2.25,OAZ1,3
1125,2.25,OMG,4
1126,2.25,PAX3,3
1127,2.25,PAX7,3
1128,2.25,PDPN,4
1129,2.25,PGF,3
1130,2.25,PHIP,3
1131,2.25,PIK3R4,3
1132,2.25,PIK3R5,3
1133,2.25,PLA2G5,4
1134,2.25,PLA2G6,3
1135,2.25,PLAU,4
1136,2.25,POFUT1,4
1137,2.25,POLM,3
1138,2.25,POPDC3,4
1139,2.25,PPP1R15B,3
1140,2.25,PPP2CA,3
1141,2.25,PRKCDBP,3
1142,2.25,PRKCH,3
1143,2.25,PRKCQ,3
1144,2.25,PRKD1,3
1145,2.25,PRPF4B,3
1146,2.25,PRRX1,3
1147,2.25,PTGES,3
1148,2.25,PTHLH,3
1149,2.25,PTK7,3
1150,2.25,PTPN13,3
1151,2.25,PTPRG,3
1152,2.25,RALBP1,3
1153,2.25,RASA1,3
1154,2.25,RASGRP1,4
1155,2.25,RASSF1,3
1156,2.25,REL,3
1157,2.25,RGS6,4
1158,2.25,RHOB,3
1159,2.25,RIT2,4
1160,2.25,RYK,3
1161,2.25,SAT2,3
1162,2.25,SEPHS2,3
1163,2.25,SFN,3
1164,2.25,SFRP2,3
1165,2.25,SLC35E3,3
1166,2.25,SLC7A5,3
1167,2.25,SMARCA2,3
1168,2.25,SPARC,5
1169,2.25,SPINK1,3
1170,2.25,TAF1L,3
1171,2.25,TAP2,3
1172,2.25,TCL1A,3
1173,2.25,TG,3
1174,2.25,THRB,3
1175,2.25,TLE1,3
1176,2.25,TNFRSF17,3
1177,2.25,TNFSF10,3
1178,2.25,TSPAN31,3
1179,2.25,UGT1A1,3
1180,2.25,VAV1,3
1181,2.25,VIP,4
1182,2.25,WHSC1L1,3
1183,2.25,WNT4,3
1184,2.25,XRCC2,3
1185,2.25,XRCC3,3
1186,2.25,YWHAH,4
1187,2.25,ZIC2,3
1188,2.25,ZMYND10,3
1189,2,A4GALT,2
1190,2,AATK,2
1191,2,ABCA4,2
1192,2,ABCA6,2
1193,2,ABCA7,2
1194,2,ABCA9,2
1195,2,ABCB10,2
1196,2,ABCB11,2
1197,2,ABCB8,2
1198,2,ABLIM2,3
1199,2,ABP1,2
1200,2,ACADM,2
1201,2,ACO2,2
1202,2,ACP5,2
1203,2,ACSL5,2
1204,2,ACSS1,2
1205,2,ACTB,2
1206,2,ACTR3B,4
1207,2,ACYP1,2
1208,2,ADAM17,2
1209,2,ADAM22,2
1210,2,ADAM28,2
1211,2,ADAMTSL1,2
1212,2,ADAR,2
1213,2,ADCK1,2
1214,2,ADCK2,2
1215,2,ADCY10,3
1216,2,ADCY2,2
1217,2,ADCY3,2
1218,2,ADCY4,2
1219,2,ADCY5,2
1220,2,ADCY6,2
1221,2,ADCY7,2
1222,2,ADCY8,2
1223,2,ADH1A,2
1224,2,ADH7,2
1225,2,ADK,2
1226,2,ADSS,2
1227,2,AFF1,2
1228,2,AFF3,2
1229,2,AGPAT2,2
1230,2,AIM1,3
1231,2,AK2,2
1232,2,AK3L1,2
1233,2,AKAP4,2
1234,2,AKR1C4,2
1235,2,AKR1D1,2
1236,2,ALAD,2
1237,2,ALDH3B2,2
1238,2,ALDH6A1,2
1239,2,ALDOB,2
1240,2,ALG12,2
1241,2,ALOX15,2
1242,2,ALPI,2
1243,2,ALS2,2
1244,2,AMD1,2
1245,2,ANAPC11,2
1246,2,ANG,2
1247,2,ANKRD43,3
1248,2,AOC3,3
1249,2,AQP1,4
1250,2,AQR,2
1251,2,ARD1A,2
1252,2,ARG2,2
1253,2,ARHGAP26,2
1254,2,ARHGEF12,2
1255,2,ARNT2,2
1256,2,ARSD,2
1257,2,ASCC3,2
1258,2,ASNS,2
1259,2,ASPH,2
1260,2,ASPSCR1,2
1261,2,ASTN1,2
1262,2,ATF1,2
1263,2,ATP11A,2
1264,2,ATP13A1,2
1265,2,ATP5J2,2
1266,2,ATP6V0A1,3
1267,2,ATP6V0A4,2
1268,2,ATP6V1D,2
1269,2,ATP6V1G1,2
1270,2,ATP6V1G2,3
1271,2,ATP8A2,3
1272,2,AXIN1,2
1273,2,AXIN2,2
1274,2,BAAT,2
1275,2,BCAS1,5
1276,2,BCL2L2,3
1277,2,BRCC3,2
1278,2,C10orf137,2
1279,2,C14orf100,2
1280,2,C14orf169,2
1281,2,C15orf21,2
1282,2,C15orf55,2
1283,2,CACNA1H,2
1284,2,CAD,2
1285,2,CAMK1G,3
1286,2,CAMKK1,3
1287,2,CAMTA1,3
1288,2,CARS2,2
1289,2,CASK,3
1290,2,CASP1,3
1291,2,CBFB,2
1292,2,CCDC6,2
1293,2,CD2,2
1294,2,CD36,3
1295,2,CD79A,2
1296,2,CDC14B,2
1297,2,CDC16,2
1298,2,CDC27,2
1299,2,CDC34,2
1300,2,CDC42BPB,2
1301,2,CDC42BPG,2
1302,2,CDC5L,2
1303,2,CDC7,3
1304,2,CDH11,2
1305,2,CENPI,2
1306,2,CEP110,2
1307,2,CFP,2
1308,2,CHD9,2
1309,2,CHKA,2
1310,2,CHKB,2
1311,2,CHST14,2
1312,2,CLDN3,2
1313,2,CLGN,3
1314,2,CLSPN,2
1315,2,CLYBL,2
1316,2,CNBP,2
1317,2,CNTN3,2
1318,2,CNTN5,2
1319,2,COL11A1,4
1320,2,COL4A6,2
1321,2,COQ6,2
1322,2,COX4I1,2
1323,2,COX6B1,2
1324,2,CPT1A,2
1325,2,CRKL,2
1326,2,CSF3R,3
1327,2,CSNK1A1L,2
1328,2,CSNK1D,2
1329,2,CSNK1E,4
1330,2,CST3,2
1331,2,CTNNA3,2
1332,2,CTNND1,2
1333,2,CUX1,2
1334,2,CYB5R3,2
1335,2,CYP11A1,2
1336,2,CYP11B1,2
1337,2,CYP27B1,3
1338,2,CYP2A6,2
1339,2,CYP2A7,2
1340,2,CYP2J2,3
1341,2,CYP51A1,2
1342,2,CYTSB,2
1343,2,DAXX,2
1344,2,DCLK2,2
1345,2,DCT,2
1346,2,DDIT4,2
1347,2,DDO,2
1348,2,DDX18,2
1349,2,DDX4,2
1350,2,DDX54,2
1351,2,DEK,2
1352,2,DGKQ,2
1353,2,DHCR24,2
1354,2,DHFR,2
1355,2,DHRS3,2
1356,2,DHRS7,2
1357,2,DICER1,2
1358,2,DIP2C,2
1359,2,DLL3,4
1360,2,DLL4,2
1361,2,DLST,2
1362,2,DNAH8,2
1363,2,DNAJA4,3
1364,2,DNMT3A,2
1365,2,DPP10,2
1366,2,DTX3L,2
1367,2,DTX4,2
1368,2,DUSP10,2
1369,2,DUSP12,2
1370,2,DUSP9,2
1371,2,DUT,2
1372,2,DUX4,2
1373,2,ECHS1,2
1374,2,EDNRA,2
1375,2,EEF1A1,2
1376,2,EEF1A2,3
1377,2,EHMT1,2
1378,2,EIF2AK1,2
1379,2,EIF2AK2,2
1380,2,EIF2S3,2
1381,2,ELN,2
1382,2,EML4,2
1383,2,ENPP4,3
1384,2,ENTPD5,2
1385,2,ENTPD6,2
1386,2,EPHX2,2
1387,2,ERC1,2
1388,2,ERCC8,2
1389,2,EREG,2
1390,2,ESRRA,2
1391,2,ETNK1,2
1392,2,ETV5,2
1393,2,FAM19A5,2
1394,2,FAM53B,2
1395,2,FANCM,2
1396,2,FBXL18,3
1397,2,FBXO24,2
1398,2,FBXW11,2
1399,2,FBXW2,2
1400,2,FCGBP,3
1401,2,FCRL4,2
1402,2,FDPS,2
1403,2,FEV,2
1404,2,FGFR1OP,2
1405,2,FKBP1A,2
1406,2,FKBP8,2
1407,2,FKBP9,3
1408,2,FLNB,2
1409,2,FNBP1,2
1410,2,FOXC1,2
1411,2,FSTL5,3
1412,2,FUS,2
1413,2,FUT8,2
1414,2,FUT9,3
1415,2,FZD1,2
1416,2,FZD10,2
1417,2,G6PD,2
1418,2,GALNS,2
1419,2,GALNTL5,3
1420,2,GALNTL6,2
1421,2,GAMT,2
1422,2,GAST,3
1423,2,GCK,2
1424,2,GLRX3,2
1425,2,GNA12,2
1426,2,GNB2,2
1427,2,GNE,2
1428,2,GNG10,2
1429,2,GPLD1,2
1430,2,GPR112,2
1431,2,GRIA4,2
1432,2,GRIK1,3
1433,2,GRM5,4
1434,2,GSTM5,3
1435,2,GSTZ1,2
1436,2,GTF2H4,2
1437,2,GTPBP4,2
1438,2,GUCY1A2,2
1439,2,GUCY2C,2
1440,2,GUCY2D,2
1441,2,HCK,4
1442,2,HDAC10,2
1443,2,HDAC5,2
1444,2,HDAC8,2
1445,2,HDAC9,2
1446,2,HEYL,2
1447,2,HGS,2
1448,2,HIRA,2
1449,2,HIST1H4I,2
1450,2,HK1,2
1451,2,HK2,2
1452,2,HLA-DRB9,2
1453,2,HS6ST3,3
1454,2,HSD17B3,2
1455,2,HSD17B4,2
1456,2,HSD3B1,2
1457,2,HSP90B1,3
1458,2,HSPA1A,2
1459,2,HSPA1B,2
1460,2,ICAM5,3
1461,2,IDI1,2
1462,2,IDI2,2
1463,2,IDUA,2
1464,2,IFNA2,2
1465,2,IFNAR1,2
1466,2,IKZF1,2
1467,2,IKZF3,2
1468,2,IL17B,2
1469,2,IL1RAPL1,3
1470,2,IL21R,2
1471,2,IMPDH1,2
1472,2,IMPDH2,2
1473,2,INHBB,2
1474,2,INPP5F,3
1475,2,IPMK,2
1476,2,IPO11,2
1477,2,IRAK1,2
1478,2,IRF4,2
1479,2,ITGB3BP,2
1480,2,ITIH5L,2
1481,2,ITM2A,3
1482,2,ITPKB,2
1483,2,ITPR1,3
1484,2,IVD,2
1485,2,JAG2,2
1486,2,JAK1,2
1487,2,JAZF1,2
1488,2,KDELR2,3
1489,2,KDM5B,2
1490,2,KIAA0999,2
1491,2,KIAA1618,2
1492,2,KIAA1804,2
1493,2,KIAA2022,2
1494,2,KLHL4,3
1495,2,KNTC1,2
1496,2,KRIT1,2
1497,2,KSR2,4
1498,2,LASP1,2
1499,2,LDLR,2
1500,2,LEF1,2
1501,2,LGALS1,4
1502,2,LHPP,2
1503,2,LIF,4
1504,2,LMO1,2
1505,2,LMX1A,2
1506,2,LNX2,2
1507,2,LPHN3,3
1508,2,LPP,2
1509,2,LRGUK,2
1510,2,LRP2,2
1511,2,LRRK2,2
1512,2,LYL1,2
1513,2,MACROD2,2
1514,2,MAGI1,2
1515,2,MAP3K15,2
1516,2,MAP3K3,2
1517,2,MAP3K4,2
1518,2,MAP3K5,2
1519,2,MAP4K2,2
1520,2,MAP4K3,2
1521,2,MAPK13,4
1522,2,MAPK8IP3,4
1523,2,MARK1,3
1524,2,MARS2,2
1525,2,MAST1,3
1526,2,MAX,2
1527,2,MCAT,2
1528,2,MCM3AP,2
1529,2,MDS1,2
1530,2,MEF2C,3
1531,2,MGC42105,2
1532,2,MITF,2
1533,2,MKNK2,2
1534,2,MLF1,2
1535,2,MLL4,3
1536,2,MLLT1,2
1537,2,MLLT10,2
1538,2,MLLT3,2
1539,2,MLLT6,2
1540,2,MMP15,4
1541,2,MNX1,2
1542,2,MOBKL2A,2
1543,2,MOV10L1,2
1544,2,MSH3,2
1545,2,MSI2,2
1546,2,MTCP1,2
1547,2,MTHFD1,2
1548,2,MTMR6,2
1549,2,MVK,2
1550,2,MYCBP2,3
1551,2,MYLK4,2
1552,2,MYST2,3
1553,2,N4BP2,2
1554,2,NACA,2
1555,2,NAGK,2
1556,2,NAP1L2,3
1557,2,NAP1L3,3
1558,2,NAT5,2
1559,2,NBR1,2
1560,2,NCL,3
1561,2,NCOA1,2
1562,2,NCOR1,2
1563,2,NDC80,3
1564,2,NDN,3
1565,2,NDRG2,3
1566,2,NDUFA3,2
1567,2,NDUFA4,2
1568,2,NDUFB2,2
1569,2,NDUFB8,3
1570,2,NDUFS7,2
1571,2,NEDD4,2
1572,2,NEIL3,2
1573,2,NEK2,2
1574,2,NEK9,2
1575,2,NEURL,3
1576,2,NIN,2
1577,2,NLRP1,2
1578,2,NLRP3,2
1579,2,NMNAT2,3
1580,2,NONO,2
1581,2,NPR1,2
1582,2,NR0B2,2
1583,2,NR4A2,2
1584,2,NR4A3,2
1585,2,NR5A1,2
1586,2,NT5E,2
1587,2,NTSR1,2
1588,2,OCRL,2
1589,2,ODZ1,2
1590,2,OMD,2
1591,2,OSMR,4
1592,2,PAFAH1B1,2
1593,2,PAFAH1B3,3
1594,2,PANK4,2
1595,2,PARP4,2
1596,2,PATZ1,2
1597,2,PAXIP1,2
1598,2,PBX1,2
1599,2,PC,2
1600,2,PCCA,2
1601,2,PCSK6,2
1602,2,PDE1A,3
1603,2,PDE2A,3
1604,2,PDE4A,2
1605,2,PDE4D,2
1606,2,PDE5A,2
1607,2,PDK1,2
1608,2,PER1,2
1609,2,PFKM,2
1610,2,PGK2,2
1611,2,PGM1,2
1612,2,PGRMC1,2
1613,2,PGRMC2,2
1614,2,PHOSPHO1,2
1615,2,PHOX2B,2
1616,2,PHPT1,2
1617,2,PICALM,2
1618,2,PIGC,2
1619,2,PIGH,2
1620,2,PIGM,2
1621,2,PIGN,2
1622,2,PIGO,2
1623,2,PIK3C2A,3
1624,2,PIK3C2G,3
1625,2,PINK1,2
1626,2,PIP4K2B,2
1627,2,PIP5K1A,2
1628,2,PIP5K1C,2
1629,2,PKIB,2
1630,2,PKLR,2
1631,2,PLA2G4A,2
1632,2,PLCB3,2
1633,2,PLCD1,2
1634,2,PLCE1,2
1635,2,PLCZ1,2
1636,2,PLD1,2
1637,2,PLEC1,2
1638,2,PLEKHM2,2
1639,2,PLXNB3,2
1640,2,PNPLA3,2
1641,2,POLA2,2
1642,2,POLD2,2
1643,2,POLD3,2
1644,2,POLE2,2
1645,2,POLE4,2
1646,2,POLG,2
1647,2,POLN,2
1648,2,POLR1A,2
1649,2,POLR1B,2
1650,2,POLR1C,2
1651,2,POLR2C,2
1652,2,POLR2D,2
1653,2,POLR2G,2
1654,2,POLR2I,2
1655,2,POLR2J,2
1656,2,POLR3A,2
1657,2,POLR3B,2
1658,2,POLR3F,2
1659,2,POLR3G,2
1660,2,POLR3H,2
1661,2,POLR3K,2
1662,2,POU5F1,2
1663,2,PPAP2A,2
1664,2,PPAP2B,2
1665,2,PPCS,2
1666,2,PPM1A,2
1667,2,PPP1CA,2
1668,2,PPP1R1A,3
1669,2,PPP1R8,2
1670,2,PPP2R2A,2
1671,2,PPP2R2D,2
1672,2,PPP2R3A,2
1673,2,PPP2R5E,2
1674,2,PPP3CC,2
1675,2,PPP3R2,2
1676,2,PPP4C,2
1677,2,PPP5C,2
1678,2,PPRC1,2
1679,2,PRCC,2
1680,2,PREX2,2
1681,2,PRKAA1,2
1682,2,PRKAA2,2
1683,2,PRKAB1,2
1684,2,PRKAB2,2
1685,2,PRKAR1B,2
1686,2,PRKCSH,2
1687,2,PRKD2,4
1688,2,PRMT2,2
1689,2,PRMT3,2
1690,2,PRMT5,2
1691,2,PRMT6,2
1692,2,PRMT7,2
1693,2,PRSS7,2
1694,2,PSD3,3
1695,2,PSENEN,2
1696,2,PSIP1,2
1697,2,PSPH,2
1698,2,PSTK,2
1699,2,PTPLAD2,2
1700,2,PTPMT1,2
1701,2,PTPRE,2
1702,2,PTPRH,2
1703,2,PTPRU,2
1704,2,PXDN,2
1705,2,PXN,3
1706,2,PYGB,2
1707,2,QKI,2
1708,2,RAB15,3
1709,2,RAB33A,3
1710,2,RAB38,2
1711,2,RABEP1,2
1712,2,RABL2B,2
1713,2,RAD51L3,2
1714,2,RAD9B,2
1715,2,RADIL,3
1716,2,RALGDS,2
1717,2,RASA3,2
1718,2,RASGRP4,2
1719,2,RBL2,4
1720,2,RBM15,2
1721,2,RDH11,2
1722,2,RHOD,2
1723,2,RHOG,3
1724,2,RHOH,2
1725,2,RHOJ,2
1726,2,RIF1,2
1727,2,RNASE1,3
1728,2,RORB,3
1729,2,RPN2,2
1730,2,RPS6,2
1731,2,RPS6KA4,2
1732,2,RPS6KA5,2
1733,2,RPS6KC1,2
1734,2,RRAD,2
1735,2,RRAS2,2
1736,2,RTN4R,3
1737,2,S1PR1,3
1738,2,SACS,2
1739,2,SBDS,2
1740,2,SCN3B,3
1741,2,SDC2,4
1742,2,SEL1L,2
1743,2,SEMA3C,4
1744,2,SENP1,2
1745,2,SENP6,2
1746,2,6-Sep,2
1747,2,SERPING1,4
1748,2,SET,2
1749,2,SETD1A,2
1750,2,SFPQ,2
1751,2,SFRS16,2
1752,2,SGMS2,2
1753,2,SH2B3,3
1754,2,SH3GL1,2
1755,2,SH3KBP1,2
1756,2,SHH,3
1757,2,SIK1,2
1758,2,SIN3A,2
1759,2,SIRT2,2
1760,2,SIX4,2
1761,2,SLC27A5,2
1762,2,SLPI,4
1763,2,SMARCA5,2
1764,2,SMC2,2
1765,2,SMG1,2
1766,2,SMOC1,2
1767,2,SMURF1,2
1768,2,SMYD2,2
1769,2,SPAG5,2
1770,2,SPINT2,3
1771,2,SPO11,2
1772,2,SPTAN1,2
1773,2,SRD5A1,2
1774,2,SRD5A2,2
1775,2,SRPK3,2
1776,2,SS18L1,2
1777,2,SSX1,2
1778,2,ST3GAL1,2
1779,2,STARD8,2
1780,2,STAT4,3
1781,2,STAT5A,2
1782,2,STAT5B,2
1783,2,STK24,2
1784,2,STK32C,2
1785,2,STS,2
1786,2,SULT1E1,2
1787,2,SULT2B1,2
1788,2,SULT4A1,3
1789,2,SUZ12,2
1790,2,TAC1,4
1791,2,TAF15,2
1792,2,TAL2,2
1793,2,TAOK1,2
1794,2,TBP,2
1795,2,TBX22,2
1796,2,TCEA1,2
1797,2,TCERG1L,3
1798,2,TCF7L2,2
1799,2,TCL6,2
1800,2,TEC,3
1801,2,TET1,2
1802,2,TEX14,2
1803,2,TFAM,2
1804,2,TGDS,2
1805,2,TGFB1,3
1806,2,TGM3,2
1807,2,THBS3,2
1808,2,THRAP3,2
1809,2,TIMP1,4
1810,2,TIMP3,2
1811,2,TK2,2
1812,2,TLN1,2
1813,2,TLR3,2
1814,2,TLR9,2
1815,2,TNFRSF9,2
1816,2,TNKS2,2
1817,2,TNNI3K,2
1818,2,TPTE2,2
1819,2,TRIM36,2
1820,2,TRIM42,2
1821,2,TRIO,3
1822,2,TRIP12,2
1823,2,TRIP6,4
1824,2,TRPS1,2
1825,2,TSC22D4,2
1826,2,TTBK1,2
1827,2,TTL,2
1828,2,TTN,2
1829,2,TXNRD2,2
1830,2,TYRP1,2
1831,2,UBE2D2,2
1832,2,UBE2E1,2
1833,2,UBE3C,2
1834,2,UCHL1,2
1835,2,UGCGL1,3
1836,2,UGCGL2,2
1837,2,UGT2B11,2
1838,2,UGT2B4,2
1839,2,UGT8,3
1840,2,UHRF2,2
1841,2,UMPS,2
1842,2,UPF2,3
1843,2,UQCR,2
1844,2,UQCRC2,2
1845,2,UQCRFS1,2
1846,2,UQCRH,2
1847,2,USP42,2
1848,2,USP6,2
1849,2,VLDLR,4
1850,2,VPS13B,2
1851,2,VRK2,2
1852,2,WAS,2
1853,2,WEE1,4
1854,2,WHSC1,2
1855,2,WIF1,4
1856,2,WISP2,2
1857,2,WNK2,2
1858,2,WNK4,2
1859,2,WNT2B,2
1860,2,WNT5B,2
1861,2,WNT6,2
1862,2,WNT9A,2
1863,2,XDH,2
1864,2,YES1,2
1865,2,YWHAQ,2
1866,2,ZFP64,2
1867,2,ZFPM2,3
1868,2,ZFYVE26,2
1869,2,ZFYVE9,2
1870,2,ZNF497,2
1871,2,ZNF521,2
1872,2,ZNF608,2
1873,2,ZNF668,2
1874,1.75,ANXA1,5
1875,1.75,BBOX1,3
1876,1.75,BCAT1,3
1877,1.75,BCHE,3
1878,1.75,BCL2A1,3
1879,1.75,BTBD10,3
1880,1.75,C1QL1,3
1881,1.75,CA10,4
1882,1.75,CA12,3
1883,1.75,CA3,3
1884,1.75,CAMKK2,3
1885,1.75,CASP2,3
1886,1.75,CCR5,3
1887,1.75,CD46,4
1888,1.75,CD82,3
1889,1.75,CDC20,3
1890,1.75,CDC37,3
1891,1.75,CDH2,3
1892,1.75,CDK5R1,3
1893,1.75,CFD,3
1894,1.75,CFH,3
1895,1.75,CHI3L1,3
1896,1.75,COL9A3,3
1897,1.75,CP,3
1898,1.75,DCLK1,3
1899,1.75,DKK1,3
1900,1.75,DPYSL4,3
1901,1.75,ELAVL2,4
1902,1.75,ENG,3
1903,1.75,EPAS1,3
1904,1.75,EYA4,3
1905,1.75,EZR,3
1906,1.75,F2R,3
1907,1.75,FABP7,3
1908,1.75,FAP,3
1909,1.75,FER,3
1910,1.75,GAD2,3
1911,1.75,GCNT1,3
1912,1.75,GDF15,4
1913,1.75,GLI2,3
1914,1.75,GNAZ,3
1915,1.75,GPR17,3
1916,1.75,GRIA2,4
1917,1.75,GRN,3
1918,1.75,HEXB,3
1919,1.75,HOXB3,3
1920,1.75,HS3ST2,3
1921,1.75,HS3ST3A1,3
1922,1.75,HSPB2,3
1923,1.75,ID3,4
1924,1.75,IL18,3
1925,1.75,ITGA6,3
1926,1.75,KDM5D,3
1927,1.75,KLK5,3
1928,1.75,KLK6,3
1929,1.75,KLRK1,3
1930,1.75,LAMA2,3
1931,1.75,LEP,3
1932,1.75,LPL,3
1933,1.75,MAG,5
1934,1.75,MAOB,3
1935,1.75,MAPK7,4
1936,1.75,MBP,4
1937,1.75,MCM2,3
1938,1.75,MME,4
1939,1.75,MOXD1,3
1940,1.75,MTAP,4
1941,1.75,MVP,3
1942,1.75,MYT1,3
1943,1.75,NAMPT,3
1944,1.75,NGF,3
1945,1.75,NNMT,3
1946,1.75,NOD2,3
1947,1.75,NTSR2,4
1948,1.75,NUF2,3
1949,1.75,PDE10A,3
1950,1.75,PECAM1,3
1951,1.75,PIK3R3,3
1952,1.75,PLA2G16,3
1953,1.75,PLAUR,3
1954,1.75,PPA1,3
1955,1.75,PPP2R2C,3
1956,1.75,PRKAR2B,3
1957,1.75,PTX3,3
1958,1.75,RBL1,3
1959,1.75,RBP1,3
1960,1.75,RPA1,3
1961,1.75,S100A8,3
1962,1.75,SEMA3B,4
1963,1.75,SERPINA1,3
1964,1.75,SERPINA3,4
1965,1.75,SLC38A1,3
1966,1.75,SMAD1,3
1967,1.75,SRF,3
1968,1.75,SST,3
1969,1.75,ST14,3
1970,1.75,STMN1,3
1971,1.75,TAF9,3
1972,1.75,TDO2,3
1973,1.75,TGFB2,3
1974,1.75,TIMP2,4
1975,1.75,TNFRSF11B,4
1976,1.75,TP53BP2,3
1977,1.75,UNG,4
1978,1.75,VAV3,4
1979,1.75,VIM,3
1980,1.75,XRCC5,3
1981,1.5,AACS,2
1982,1.5,ABAT,2
1983,1.5,ABCA8,2
1984,1.5,ACSL1,2
1985,1.5,ACSL3,2
1986,1.5,ACSL4,2
1987,1.5,ACYP2,2
1988,1.5,ADAMTS1,2
1989,1.5,ADARB2,2
1990,1.5,ADPRHL1,2
1991,1.5,ADSSL1,3
1992,1.5,AGXT2L1,3
1993,1.5,ALDH1L1,2
1994,1.5,ALDH3B1,2
1995,1.5,ALOX5,2
1996,1.5,AMPD3,2
1997,1.5,ANLN,3
1998,1.5,ANO5,3
1999,1.5,ANXA2,4
2000,1.5,AP2A2,2
2001,1.5,AP3D1,2
2002,1.5,APOE,2
2003,1.5,AREG,3
2004,1.5,ARHGAP11A,2
2005,1.5,ARPC1B,2
2006,1.5,ARRB1,2
2007,1.5,ASPA,2
2008,1.5,ASPM,3
2009,1.5,ATP1A2,4
2010,1.5,ATP5F1,2
2011,1.5,ATP5L,2
2012,1.5,ATP6V1A,2
2013,1.5,ATP6V1B2,2
2014,1.5,ATP6V1H,2
2015,1.5,AUH,2
2016,1.5,B3GALT1,2
2017,1.5,B3GNT1,2
2018,1.5,B3GNT2,2
2019,1.5,B3GNT4,2
2020,1.5,B4GALNT1,3
2021,1.5,B4GALT6,2
2022,1.5,BAI2,2
2023,1.5,BASP1,3
2024,1.5,BCL2L13,3
2025,1.5,BHLHE22,2
2026,1.5,BLVRB,2
2027,1.5,BNC2,2
2028,1.5,BRD8,2
2029,1.5,BTBD2,2
2030,1.5,BTC,2
2031,1.5,BTK,3
2032,1.5,C10orf90,2
2033,1.5,C13orf16,2
2034,1.5,C13orf3,2
2035,1.5,C19orf22,2
2036,1.5,C19orf6,2
2037,1.5,C19orf66,2
2038,1.5,C1orf38,2
2039,1.5,C1orf64,2
2040,1.5,C22orf9,2
2041,1.5,CA14,2
2042,1.5,CA4,2
2043,1.5,CA9,2
2044,1.5,CACNA1I,2
2045,1.5,CACNB1,2
2046,1.5,CALM2,2
2047,1.5,CALM3,2
2048,1.5,CAMK1D,2
2049,1.5,CAMK2N1,2
2050,1.5,CAMKV,2
2051,1.5,CASP7,2
2052,1.5,CAST,3
2053,1.5,CAV2,2
2054,1.5,CBLB,2
2055,1.5,CCNB1,3
2056,1.5,CCT3,2
2057,1.5,CCT5,2
2058,1.5,CD3EAP,2
2059,1.5,CD47,2
2060,1.5,CD74,2
2061,1.5,CD86,2
2062,1.5,CDC42BPA,2
2063,1.5,CDC45L,2
2064,1.5,CDH10,2
2065,1.5,CDK5,2
2066,1.5,CDKL2,2
2067,1.5,CDR1,3
2068,1.5,CEACAM1,3
2069,1.5,CEBPB,2
2070,1.5,CECR6,2
2071,1.5,CENPK,2
2072,1.5,CES7,2
2073,1.5,CHP2,2
2074,1.5,CHST3,2
2075,1.5,CKMT1B,2
2076,1.5,CKMT2,2
2077,1.5,CLASP2,2
2078,1.5,CLTA,2
2079,1.5,CNDP1,2
2080,1.5,CNKSR2,2
2081,1.5,CNR1,2
2082,1.5,CNTN4,2
2083,1.5,CNTN6,2
2084,1.5,CNTNAP2,2
2085,1.5,COL4A2,2
2086,1.5,COL4A3,2
2087,1.5,COPS6,2
2088,1.5,COX5B,2
2089,1.5,COX7A1,2
2090,1.5,CPM,3
2091,1.5,CPNE6,3
2092,1.5,CRK,3
2093,1.5,CRYL1,2
2094,1.5,CRYM,3
2095,1.5,CSF2RB,2
2096,1.5,CSGLCA-T,2
2097,1.5,CSK,2
2098,1.5,CTHRC1,2
2099,1.5,CTLA4,2
2100,1.5,CTSA,2
2101,1.5,CXorf57,2
2102,1.5,DBN1,2
2103,1.5,DDX5,2
2104,1.5,DENND2A,2
2105,1.5,DHTKD1,3
2106,1.5,DKK3,2
2107,1.5,DLG1,2
2108,1.5,DOCK6,2
2109,1.5,DOK1,2
2110,1.5,DPYS,2
2111,1.5,DSE,2
2112,1.5,DTNB,2
2113,1.5,DTYMK,2
2114,1.5,DUSP8,2
2115,1.5,DYNC1I1,3
2116,1.5,DYRK2,3
2117,1.5,E2F2,2
2118,1.5,E2F5,2
2119,1.5,ECM2,2
2120,1.5,EGR2,2
2121,1.5,EIF4A1,2
2122,1.5,ELAVL1,2
2123,1.5,ELAVL4,4
2124,1.5,ENTPD3,2
2125,1.5,EPHX4,2
2126,1.5,EPOR,2
2127,1.5,ERH,2
2128,1.5,EXTL1,2
2129,1.5,EXTL3,2
2130,1.5,EYA1,3
2131,1.5,FAM123A,2
2132,1.5,FAM5C,2
2133,1.5,FAM64A,3
2134,1.5,FASTK,2
2135,1.5,FBLN5,2
2136,1.5,FBXL16,2
2137,1.5,FBXO2,2
2138,1.5,FBXO21,2
2139,1.5,FBXO3,2
2140,1.5,FERMT1,4
2141,1.5,FGF8,2
2142,1.5,FMNL1,2
2143,1.5,FMOD,2
2144,1.5,FXYD1,3
2145,1.5,G0S2,2
2146,1.5,GABRA5,2
2147,1.5,GABRG2,3
2148,1.5,GAD1,2
2149,1.5,GALNT4,2
2150,1.5,GALR1,2
2151,1.5,GAS6,3
2152,1.5,GATAD2A,2
2153,1.5,GBAS,3
2154,1.5,GBP1,2
2155,1.5,GBP2,2
2156,1.5,GFPT2,2
2157,1.5,GHRH,3
2158,1.5,GLS2,2
2159,1.5,GLUL,2
2160,1.5,GML,3
2161,1.5,GNA11,2
2162,1.5,GNA15,2
2163,1.5,GNAI3,2
2164,1.5,GNAO1,2
2165,1.5,GNAQ,2
2166,1.5,GNG7,2
2167,1.5,GNL2,2
2168,1.5,GOT1,2
2169,1.5,GPR123,2
2170,1.5,GPR176,3
2171,1.5,GPR65,2
2172,1.5,GPRASP1,2
2173,1.5,GPS2,2
2174,1.5,GRAP2,2
2175,1.5,GRK7,2
2176,1.5,GSTA4,2
2177,1.5,GSTK1,2
2178,1.5,GTF2H1,2
2179,1.5,HAT1,2
2180,1.5,HBA2,2
2181,1.5,HCLS1,2
2182,1.5,HERC1,2
2183,1.5,HEXA,2
2184,1.5,HIF3A,2
2185,1.5,HIST1H1B,2
2186,1.5,HK3,2
2187,1.5,HMG20B,2
2188,1.5,HMOX1,2
2189,1.5,HOXA10,2
2190,1.5,HOXA7,2
2191,1.5,HPCAL4,3
2192,1.5,HPN,3
2193,1.5,HPRT1,2
2194,1.5,HS3ST3B1,2
2195,1.5,HTR2A,4
2196,1.5,HTT,2
2197,1.5,HUS1,3
2198,1.5,ICK,2
2199,1.5,IGFBP1,3
2200,1.5,IL12RB2,2
2201,1.5,IL2RG,2
2202,1.5,IL4,2
2203,1.5,ILF3,2
2204,1.5,ING5,2
2205,1.5,INHBE,3
2206,1.5,IPO9,2
2207,1.5,IRAK3,3
2208,1.5,ITGA4,2
2209,1.5,ITGB4,2
2210,1.5,JAKMIP1,2
2211,1.5,JAKMIP3,2
2212,1.5,JTV1,2
2213,1.5,KCNF1,2
2214,1.5,KCNK1,3
2215,1.5,KCTD4,2
2216,1.5,KDM5A,2
2217,1.5,KHDRBS2,2
2218,1.5,KIAA0415,3
2219,1.5,KIAA0892,2
2220,1.5,KIAA1409,2
2221,1.5,KIAA1632,3
2222,1.5,KIF11,2
2223,1.5,KLHDC8A,2
2224,1.5,KLHL21,3
2225,1.5,KLK8,3
2226,1.5,KNDC1,2
2227,1.5,KYNU,2
2228,1.5,LAMA4,2
2229,1.5,LAMC1,2
2230,1.5,LDHD,2
2231,1.5,LEFTY2,2
2232,1.5,LPHN2,2
2233,1.5,LRRFIP1,2
2234,1.5,MAB21L1,2
2235,1.5,MAGEC3,3
2236,1.5,MAGEH1,2
2237,1.5,MAL2,2
2238,1.5,MAN2B1,2
2239,1.5,MAP3K10,2
2240,1.5,MAP3K6,3
2241,1.5,MAP7,2
2242,1.5,MAPKAPK3,3
2243,1.5,MAPT,2
2244,1.5,MARCKS,2
2245,1.5,MAST3,2
2246,1.5,MAT2B,2
2247,1.5,MBNL2,2
2248,1.5,MCF2L,2
2249,1.5,MCTP1,2
2250,1.5,ME1,2
2251,1.5,MED1,2
2252,1.5,MGAT1,2
2253,1.5,MGAT5B,2
2254,1.5,MGLL,2
2255,1.5,MGST2,2
2256,1.5,MGST3,2
2257,1.5,MIER2,2
2258,1.5,MLC1,2
2259,1.5,MMP10,3
2260,1.5,MMP19,2
2261,1.5,MOBP,4
2262,1.5,MOS,3
2263,1.5,MRAS,2
2264,1.5,MUM1L1,2
2265,1.5,MXRA5,2
2266,1.5,MYLK2,3
2267,1.5,MYO3A,3
2268,1.5,MYO5C,2
2269,1.5,NBEA,2
2270,1.5,NCAPG,2
2271,1.5,NCOA7,2
2272,1.5,NDFIP2,2
2273,1.5,NDUFA10,3
2274,1.5,NDUFS3,2
2275,1.5,NEDD4L,2
2276,1.5,NEFL,4
2277,1.5,NELL2,4
2278,1.5,NETO2,2
2279,1.5,NFATC3,2
2280,1.5,NGEF,2
2281,1.5,NIPAL3,2
2282,1.5,NKX6-2,2
2283,1.5,NME7,3
2284,1.5,NPC2,2
2285,1.5,NPTX2,4
2286,1.5,NR2F6,2
2287,1.5,NRAP,3
2288,1.5,NRXN2,2
2289,1.5,NSL1,2
2290,1.5,NT5C2,2
2291,1.5,NUAK1,2
2292,1.5,NUP160,2
2293,1.5,NUP210,2
2294,1.5,NUP37,2
2295,1.5,NUP43,2
2296,1.5,NUP50,2
2297,1.5,NUP85,2
2298,1.5,OGDHL,2
2299,1.5,OPCML,2
2300,1.5,OSM,3
2301,1.5,OXCT1,2
2302,1.5,P4HA2,2
2303,1.5,P4HB,2
2304,1.5,PACSIN1,2
2305,1.5,PAPLN,2
2306,1.5,PBK,2
2307,1.5,PCDH11X,2
2308,1.5,PCDH7,2
2309,1.5,PCDH9,2
2310,1.5,PCSK2,2
2311,1.5,PDE6D,2
2312,1.5,PDE6H,2
2313,1.5,PDGFD,2
2314,1.5,PDIA4,2
2315,1.5,PDK2,3
2316,1.5,PDXK,2
2317,1.5,PDZD2,4
2318,1.5,PELP1,2
2319,1.5,PHACTR1,2
2320,1.5,PHACTR3,2
2321,1.5,PIAS1,2
2322,1.5,PIGP,2
2323,1.5,PIPOX,2
2324,1.5,PLA2G15,2
2325,1.5,PLCXD3,2
2326,1.5,PLOD3,2
2327,1.5,PNCK,2
2328,1.5,PNMA5,2
2329,1.5,PNMT,2
2330,1.5,POMT2,2
2331,1.5,PPFIA4,2
2332,1.5,PPM1G,2
2333,1.5,PPM1H,2
2334,1.5,PPM1K,2
2335,1.5,PPP1R14A,2
2336,1.5,PPP1R14B,2
2337,1.5,PPP1R16B,2
2338,1.5,PPP1R1B,2
2339,1.5,PPP1R3F,2
2340,1.5,PPP2R5A,2
2341,1.5,PPP2R5D,3
2342,1.5,PRKACA,2
2343,1.5,PRKACB,2
2344,1.5,PRKCE,2
2345,1.5,PRKRA,2
2346,1.5,PROX1,3
2347,1.5,PRPF31,2
2348,1.5,PTMA,2
2349,1.5,PTPN14,2
2350,1.5,PTPN22,2
2351,1.5,PTPRN2,2
2352,1.5,PTPRZ1,3
2353,1.5,PYGL,2
2354,1.5,PYGM,2
2355,1.5,QDPR,2
2356,1.5,QTRT1,2
2357,1.5,RAB13,2
2358,1.5,RAB27A,2
2359,1.5,RAB37,2
2360,1.5,RAB3A,2
2361,1.5,RAE1,2
2362,1.5,RANBP2,2
2363,1.5,RAP1GAP,2
2364,1.5,RASL10A,2
2365,1.5,RBCK1,2
2366,1.5,RBKS,2
2367,1.5,RBM10,2
2368,1.5,RBM42,2
2369,1.5,RELB,2
2370,1.5,RELN,3
2371,1.5,REPS2,2
2372,1.5,RERE,3
2373,1.5,RFX2,2
2374,1.5,RFXANK,2
2375,1.5,RGS4,4
2376,1.5,RIN1,2
2377,1.5,RIPK3,3
2378,1.5,RNASE2,2
2379,1.5,RNASE4,3
2380,1.5,RND1,2
2381,1.5,RND3,2
2382,1.5,RRAS,2
2383,1.5,RSPO2,2
2384,1.5,RTN3,2
2385,1.5,RUVBL2,2
2386,1.5,SAR1A,2
2387,1.5,SARS2,2
2388,1.5,SCAMP4,2
2389,1.5,SCGB3A1,3
2390,1.5,SDC3,2
2391,1.5,SEC61A2,2
2392,1.5,SEH1L,2
2393,1.5,SERPINI1,3
2394,1.5,SERTAD1,2
2395,1.5,SFRP1,3
2396,1.5,SFRS5,2
2397,1.5,SGK3,2
2398,1.5,SH3GL3,3
2399,1.5,SHANK1,2
2400,1.5,SHROOM2,2
2401,1.5,SIPA1L1,2
2402,1.5,SKIL,2
2403,1.5,SLC25A18,2
2404,1.5,SLC31A2,3
2405,1.5,SLC8A3,2
2406,1.5,SLITRK1,2
2407,1.5,SLITRK4,2
2408,1.5,SMC1A,2
2409,1.5,SNAPC1,2
2410,1.5,SOCS6,2
2411,1.5,SOX1,3
2412,1.5,SOX4,4
2413,1.5,SPDEF,3
2414,1.5,SPHK1,3
2415,1.5,SPPL2B,2
2416,1.5,SPRY4,2
2417,1.5,SPTB,2
2418,1.5,SSTR1,4
2419,1.5,ST6GAL1,3
2420,1.5,STAB1,2
2421,1.5,STEAP1,2
2422,1.5,STK10,2
2423,1.5,STK36,3
2424,1.5,STMN4,3
2425,1.5,STXBP2,2
2426,1.5,SYNJ1,2
2427,1.5,TACC2,2
2428,1.5,TADA3L,2
2429,1.5,TAF5,2
2430,1.5,TAOK3,3
2431,1.5,TARS,2
2432,1.5,TAS1R1,3
2433,1.5,TCIRG1,2
2434,1.5,TGIF2,2
2435,1.5,TGM2,2
2436,1.5,THRA,2
2437,1.5,THTPA,2
2438,1.5,TIMELESS,2
2439,1.5,TLE2,2
2440,1.5,TMED1,2
2441,1.5,TMEM147,2
2442,1.5,TMEM161A,2
2443,1.5,TNFAIP3,2
2444,1.5,TNFAIP6,2
2445,1.5,TNFRSF10A,3
2446,1.5,TNFRSF12A,2
2447,1.5,TNFRSF19,2
2448,1.5,TNFRSF6B,3
2449,1.5,TRADD,2
2450,1.5,TRIM3,3
2451,1.5,TSG101,2
2452,1.5,UBE2A,2
2453,1.5,UPF1,2
2454,1.5,UROS,2
2455,1.5,USP33,2
2456,1.5,VAV2,3
2457,1.5,VSIG4,2
2458,1.5,VSX1,3
2459,1.5,WASF3,2
2460,1.5,WBSCR17,2
2461,1.5,XPO1,2
2462,1.5,XRCC4,2
2463,1.5,YAP1,2
2464,1.5,YY1,2
2465,1.5,ZAK,2
2466,1.5,ZAP70,2
2467,1.5,ZC3H11A,3
2468,1.5,ZEB1,3
2469,1.5,ZEB2,2
2470,1.5,ZFP112,2
2471,1.5,ZNF134,2
2472,1.5,ZNF211,2
2473,1.5,ZNF227,2
2474,1.5,ZNF235,2
2475,1.5,ZNF264,2
2476,1.5,ZNF304,2
2477,1.5,ZNF419,2
2478,1.5,ZNF446,2
2479,1.5,ZNF45,2
2480,1.5,ZNF606,2
2481,1.5,ZNF671,2
2482,1.5,ZNF8,2
2483,1.5,ZWINT,2
2484,1.25,ABCA2,2
2485,1.25,ABCC5,2
2486,1.25,ACER2,2
2487,1.25,ACO1,2
2488,1.25,ACTN1,2
2489,1.25,ACTR2,2
2490,1.25,ACY1,2
2491,1.25,ADH1C,2
2492,1.25,ADSL,2
2493,1.25,AFP,2
2494,1.25,AHCYL2,2
2495,1.25,AHRR,2
2496,1.25,AKR1B1,2
2497,1.25,AKR1B10,2
2498,1.25,AMY2A,2
2499,1.25,AMY2B,2
2500,1.25,ANAPC13,2
2501,1.25,APOBEC3A,2
2502,1.25,ARG1,2
2503,1.25,ARSA,2
2504,1.25,ARSB,2
2505,1.25,ATAD1,2
2506,1.25,ATP6AP1,2
2507,1.25,AVEN,2
2508,1.25,AVP,2
2509,1.25,BAGE,2
2510,1.25,BCAN,3
2511,1.25,BDNF,2
2512,1.25,BGLAP,2
2513,1.25,BIN1,2
2514,1.25,BLK,2
2515,1.25,BMI1,2
2516,1.25,BNIP3,2
2517,1.25,BNIP3L,2
2518,1.25,BRS3,2
2519,1.25,BRSK1,2
2520,1.25,BRSK2,2
2521,1.25,BTRC,2
2522,1.25,BUB3,2
2523,1.25,C19orf60,2
2524,1.25,CA1,2
2525,1.25,CA2,2
2526,1.25,CA6,2
2527,1.25,CA7,2
2528,1.25,CA8,2
2529,1.25,CADM1,2
2530,1.25,CALCR,2
2531,1.25,CASP10,2
2532,1.25,CASP9,2
2533,1.25,CAT,2
2534,1.25,CCL18,2
2535,1.25,CCL21,2
2536,1.25,CCL4,2
2537,1.25,CCR4,2
2538,1.25,CD34,2
2539,1.25,CD68,2
2540,1.25,CD80,2
2541,1.25,CDH3,2
2542,1.25,CDK10,2
2543,1.25,CDKN3,2
2544,1.25,CEACAM5,2
2545,1.25,CEACAM6,2
2546,1.25,CECR5,2
2547,1.25,CES3,2
2548,1.25,CGA,2
2549,1.25,CGB5,2
2550,1.25,CKM,2
2551,1.25,CLDN5,2
2552,1.25,CLK1,2
2553,1.25,COX17,2
2554,1.25,CRABP1,2
2555,1.25,CSAG2,2
2556,1.25,CSF1,2
2557,1.25,CSTB,2
2558,1.25,CTAG1B,2
2559,1.25,CTAG2,2
2560,1.25,CXCL12,2
2561,1.25,CXCL14,3
2562,1.25,CYP26A1,2
2563,1.25,CYP2E1,2
2564,1.25,DAPK3,2
2565,1.25,DBH,2
2566,1.25,DDX43,2
2567,1.25,DIABLO,2
2568,1.25,DIO2,2
2569,1.25,DNAJC11,2
2570,1.25,DOCK8,3
2571,1.25,DPP6,3
2572,1.25,DRD2,2
2573,1.25,DUSP4,2
2574,1.25,DVL3,2
2575,1.25,EBAG9,2
2576,1.25,EFNA3,2
2577,1.25,EFNB3,2
2578,1.25,EIF3A,2
2579,1.25,ELAVL3,2
2580,1.25,ELP4,2
2581,1.25,EPB41L3,3
2582,1.25,FAF1,2
2583,1.25,FAM19A2,3
2584,1.25,FAM98B,2
2585,1.25,FGF3,2
2586,1.25,FGF4,2
2587,1.25,FGR,2
2588,1.25,FOXA2,2
2589,1.25,FOXK1,2
2590,1.25,FOXQ1,2
2591,1.25,FRK,2
2592,1.25,FSIP1,2
2593,1.25,GABBR1,2
2594,1.25,GABBR2,3
2595,1.25,GADD45B,2
2596,1.25,GALNT3,2
2597,1.25,GARS,2
2598,1.25,GATA2,2
2599,1.25,GATA5,2
2600,1.25,GCG,2
2601,1.25,GJC1,2
2602,1.25,GLS,2
2603,1.25,GNL3,2
2604,1.25,GNMT,2
2605,1.25,GNS,2
2606,1.25,GPR157,2
2607,1.25,GRP,2
2608,1.25,GRPR,2
2609,1.25,GSTM4,2
2610,1.25,H19,2
2611,1.25,H2AFX,2
2612,1.25,HAPLN1,2
2613,1.25,HDC,2
2614,1.25,HES1,2
2615,1.25,HOXA1,2
2616,1.25,HSF1,2
2617,1.25,HYAL1,2
2618,1.25,HYAL2,2
2619,1.25,ICMT,2
2620,1.25,ID2,2
2621,1.25,IGFBP4,2
2622,1.25,IGFBP7,2
2623,1.25,IGHE,2
2624,1.25,IL10,2
2625,1.25,IL5,2
2626,1.25,ING2,2
2627,1.25,INPP5D,2
2628,1.25,IRAK4,2
2629,1.25,ITGA2,2
2630,1.25,ITGA3,2
2631,1.25,IVL,2
2632,1.25,KIF14,2
2633,1.25,KIN,2
2634,1.25,KITLG,2
2635,1.25,KLK11,2
2636,1.25,KLRC1,2
2637,1.25,KLRC3,3
2638,1.25,KNG1,2
2639,1.25,KRT19,2
2640,1.25,KRT20,2
2641,1.25,KRT7,2
2642,1.25,KRT8,2
2643,1.25,KSR1,2
2644,1.25,LAMA3,2
2645,1.25,LAMB3,2
2646,1.25,LANCL2,2
2647,1.25,LMTK3,2
2648,1.25,LOC389458,2
2649,1.25,LRP1,2
2650,1.25,MAGEA2,2
2651,1.25,MAGEA2B,2
2652,1.25,MAGEA4,2
2653,1.25,MAGEC2,2
2654,1.25,MAL,3
2655,1.25,MALAT1,2
2656,1.25,MAP3K14,2
2657,1.25,MAP3K2,2
2658,1.25,MAP3K7,2
2659,1.25,MAPK10,2
2660,1.25,MAPK15,2
2661,1.25,MAPK4,2
2662,1.25,MAPK6,2
2663,1.25,MAPK8IP1,2
2664,1.25,MAPKAPK2,2
2665,1.25,MAPKAPK5,2
2666,1.25,MBD1,2
2667,1.25,MBD3,2
2668,1.25,MCM10,3
2669,1.25,MCM7,2
2670,1.25,MDK,2
2671,1.25,ME3,2
2672,1.25,MECP2,2
2673,1.25,METAP2,2
2674,1.25,MGAT5,2
2675,1.25,MGST1,2
2676,1.25,MKRN3,2
2677,1.25,MMP1,2
2678,1.25,MMP14,2
2679,1.25,MMP3,2
2680,1.25,MOBKL2B,2
2681,1.25,MOG,3
2682,1.25,MS4A1,2
2683,1.25,MSLN,2
2684,1.25,MTR,2
2685,1.25,MUC16,2
2686,1.25,MUC2,2
2687,1.25,MUC3A,2
2688,1.25,MUC3B,2
2689,1.25,MUC5AC,2
2690,1.25,MYLK3,2
2691,1.25,NAT1,2
2692,1.25,NEK11,2
2693,1.25,NES,3
2694,1.25,NGFR,2
2695,1.25,NLK,2
2696,1.25,NOL9,2
2697,1.25,NPHP4,2
2698,1.25,NR1H4,2
2699,1.25,NR4A1,2
2700,1.25,NUP107,2
2701,1.25,OGFR,2
2702,1.25,OVCA2,2
2703,1.25,PAOX,2
2704,1.25,PARK7,2
2705,1.25,PCOLCE,2
2706,1.25,PCP4,3
2707,1.25,PDGFRL,2
2708,1.25,PFTK1,2
2709,1.25,PHF13,2
2710,1.25,PHF20,2
2711,1.25,PIAS4,2
2712,1.25,PIK3AP1,2
2713,1.25,PKN1,2
2714,1.25,PLCL1,3
2715,1.25,PLP1,3
2716,1.25,POLB,2
2717,1.25,POLI,2
2718,1.25,POMC,2
2719,1.25,PPARD,2
2720,1.25,PPP1CC,2
2721,1.25,PPP1R15A,2
2722,1.25,PPP2R3B,2
2723,1.25,PRELP,2
2724,1.25,PRKAR2A,2
2725,1.25,PROS1,2
2726,1.25,PSAT1,2
2727,1.25,PSG1,2
2728,1.25,PTGER3,2
2729,1.25,PTH,2
2730,1.25,PTP4A1,2
2731,1.25,PTP4A2,2
2732,1.25,PTP4A3,2
2733,1.25,PTPN2,2
2734,1.25,PTPRN,2
2735,1.25,PTPRO,2
2736,1.25,PTPRR,2
2737,1.25,PYCARD,2
2738,1.25,RAB2A,2
2739,1.25,RAB5A,2
2740,1.25,RAD1,2
2741,1.25,RAD17,2
2742,1.25,RAD23B,2
2743,1.25,RAD9A,2
2744,1.25,RAP1A,2
2745,1.25,RAPGEF1,2
2746,1.25,RAPH1,2
2747,1.25,RASD1,2
2748,1.25,RASSF7,2
2749,1.25,RBAK,2
2750,1.25,RCVRN,2
2751,1.25,REEP5,2
2752,1.25,REG4,2
2753,1.25,RIPK4,2
2754,1.25,RP11-35N6.1,3
2755,1.25,RP6-213H19.1,2
2756,1.25,RPL21P44,2
2757,1.25,RPSA,2
2758,1.25,RTN1,4
2759,1.25,RXRA,2
2760,1.25,S100A11,3
2761,1.25,S100B,2
2762,1.25,SEC61G,2
2763,1.25,SEMA3F,2
2764,1.25,SEPHS1,2
2765,1.25,SERINC2,2
2766,1.25,SERPINB3,2
2767,1.25,SEZ6L,3
2768,1.25,SH3GLB1,2
2769,1.25,SHBG,2
2770,1.25,SLC16A10,2
2771,1.25,SLC22A3,2
2772,1.25,SLC29A4,2
2773,1.25,SLC2A3,2
2774,1.25,SLC31A1,2
2775,1.25,SLC38A3,2
2776,1.25,SLIT2,4
2777,1.25,SMOX,2
2778,1.25,SNRK,2
2779,1.25,SNRPE,2
2780,1.25,SNRPN,2
2781,1.25,SOAT1,2
2782,1.25,SOX12,2
2783,1.25,SOX21,2
2784,1.25,SPI1,2
2785,1.25,SPRED1,2
2786,1.25,SRP14,2
2787,1.25,SRPK2,2
2788,1.25,ST3GAL3,2
2789,1.25,ST8SIA5,2
2790,1.25,STK32B,2
2791,1.25,STMN2,3
2792,1.25,STRAP,2
2793,1.25,SUSD5,2
2794,1.25,SYT1,3
2795,1.25,TERC,2
2796,1.25,TERF2,2
2797,1.25,TFF1,2
2798,1.25,TGFBR3,2
2799,1.25,THAP3,2
2800,1.25,THBS2,2
2801,1.25,TMSB10,2
2802,1.25,TNFRSF10C,2
2803,1.25,TNFSF4,2
2804,1.25,TNFSF8,2
2805,1.25,TNRC18,2
2806,1.25,TOPORS,2
2807,1.25,TOX3,3
2808,1.25,TPBG,4
2809,1.25,TPH1,2
2810,1.25,TSFM,2
2811,1.25,TSHB,2
2812,1.25,TSPYL2,3
2813,1.25,TTR,2
2814,1.25,TUSC2,2
2815,1.25,TUSC4,2
2816,1.25,TWF1,2
2817,1.25,TXN,2
2818,1.25,UGCG,2
2819,1.25,UGT1A10,2
2820,1.25,UGT1A6,2
2821,1.25,ULK1,2
2822,1.25,UPP1,2
2823,1.25,USP4,2
2824,1.25,VSNL1,3
2825,1.25,VTCN1,2
2826,1.25,VWF,2
2827,1.25,WFDC2,2
2828,1.25,WIPI2,2
2829,1.25,WNT1,2
2830,1.25,WNT16,2
2831,1.25,WNT7B,2
2832,1.25,XAGE1A,2
2833,1.25,XBP1,2
2834,1.25,XRCC6BP1,2
2835,1.25,XRN2,2
2836,1.25,ZBTB48,2
2837,1.25,ZMYM4,2
2838,1.25,ZNF14,2
2839,1.25,ZW10,2
2840,1,A2BP1,1
2841,1,AADAC,1
2842,1,AADAT,1
2843,1,AAK1,1
2844,1,AANAT,1
2845,1,AARS,1
2846,1,AARS2,1
2847,1,AASDHPPT,1
2848,1,AASS,1
2849,1,ABCA10,1
2850,1,ABCA12,1
2851,1,ABCB4,1
2852,1,ABCB5,1
2853,1,ABCB6,1
2854,1,ABCC10,1
2855,1,ABCC11,1
2856,1,ABCD1,1
2857,1,ABCD3,1
2858,1,ABCG4,2
2859,1,ABHD12,1
2860,1,ABHD13,1
2861,1,ABLIM1,1
2862,1,ABO,1
2863,1,ABTB1,1
2864,1,ACAA1,1
2865,1,ACAA2,1
2866,1,ACACA,1
2867,1,ACACB,1
2868,1,ACAD8,1
2869,1,ACAD9,1
2870,1,ACADL,1
2871,1,ACADS,1
2872,1,ACADSB,1
2873,1,ACADVL,1
2874,1,ACAN,1
2875,1,ACAP1,1
2876,1,ACAT1,1
2877,1,ACAT2,1
2878,1,ACER3,1
2879,1,ACHE,1
2880,1,ACLY,1
2881,1,ACMSD,1
2882,1,ACOT11,1
2883,1,ACOT12,1
2884,1,ACOT6,1
2885,1,ACOX1,1
2886,1,ACOX3,1
2887,1,ACP1,1
2888,1,ACP2,1
2889,1,ACP6,1
2890,1,ACPT,1
2891,1,ACSM1,1
2892,1,ACSS2,1
2893,1,ACSS3,2
2894,1,ACTC1,1
2895,1,ACTL7A,1
2896,1,ACTL7B,1
2897,1,ACVR1C,2
2898,1,ACY3,1
2899,1,ADAM20,1
2900,1,ADAM21,1
2901,1,ADAM29,1
2902,1,ADAMTS18,1
2903,1,ADAMTS2,1
2904,1,ADAMTS9,1
2905,1,ADAMTSL5,1
2906,1,ADC,1
2907,1,ADCK4,1
2908,1,ADCK5,1
2909,1,ADH1B,1
2910,1,ADH4,1
2911,1,ADH5,1
2912,1,ADH6,1
2913,1,ADM2,1
2914,1,ADRA1D,1
2915,1,ADRBK1,1
2916,1,ADRBK2,1
2917,1,AES,1
2918,1,AFAP1L2,1
2919,1,AFMID,1
2920,1,AGA,1
2921,1,AGFG2,1
2922,1,AGK,1
2923,1,AGL,1
2924,1,AGMAT,1
2925,1,AGPAT1,1
2926,1,AGPAT3,1
2927,1,AGPAT4,1
2928,1,AGPAT6,1
2929,1,AGPS,1
2930,1,AGXT,1
2931,1,AGXT2,1
2932,1,AHCY,1
2933,1,AHI1,1
2934,1,AHSA1,1
2935,1,AICDA,1
2936,1,AIM2,1
2937,1,AK1,1
2938,1,AK3,1
2939,1,AK7,1
2940,1,AKAP2,1
2941,1,AKAP3,1
2942,1,AKAP5,1
2943,1,AKR1A1,1
2944,1,ALAS1,1
2945,1,ALAS2,1
2946,1,ALDH18A1,1
2947,1,ALDH1A2,1
2948,1,ALDH1B1,1
2949,1,ALDH3A1,1
2950,1,ALDH3A2,1
2951,1,ALDH4A1,1
2952,1,ALDH5A1,1
2953,1,ALDH9A1,1
2954,1,ALG1,1
2955,1,ALG10,1
2956,1,ALG11,1
2957,1,ALG13,1
2958,1,ALG14,1
2959,1,ALG2,1
2960,1,ALG3,1
2961,1,ALG5,1
2962,1,ALG6,1
2963,1,ALG8,1
2964,1,ALG9,1
2965,1,ALKBH1,1
2966,1,ALKBH2,1
2967,1,ALKBH3,1
2968,1,ALLC,1
2969,1,ALPK1,1
2970,1,ALPK3,1
2971,1,ALPL,1
2972,1,ALPPL2,1
2973,1,AMACR,1
2974,1,AMDHD1,1
2975,1,AMOTL2,2
2976,1,AMPD1,1
2977,1,AMPD2,1
2978,1,AMT,1
2979,1,ANAPC1,1
2980,1,ANAPC7,1
2981,1,ANGEL1,1
2982,1,ANGPTL1,1
2983,1,ANK1,2
2984,1,ANK2,2
2985,1,ANKHD1,1
2986,1,ANKIB1,1
2987,1,ANKK1,1
2988,1,ANKRD10,1
2989,1,ANKRD17,1
2990,1,ANO3,2
2991,1,ANXA10,1
2992,1,ANXA3,2
2993,1,ANXA7,3
2994,1,ANXA8,2
2995,1,AOC2,1
2996,1,AOX1,1
2997,1,AP4M1,1
2998,1,APCDD1,1
2999,1,APCDD1L,1
3000,1,APEX2,1
3001,1,APITD1,1
3002,1,APLP2,1
3003,1,APOA2,1
3004,1,APOBEC1,1
3005,1,APOBEC2,1
3006,1,APOBEC3B,1
3007,1,APOBEC3C,1
3008,1,APOBEC3F,1
3009,1,APOBEC3G,1
3010,1,APOBEC4,1
3011,1,APPBP2,1
3012,1,APRT,1
3013,1,APTX,1
3014,1,ARAP3,2
3015,1,ARF1,1
3016,1,ARF3,1
3017,1,ARF4,1
3018,1,ARF5,1
3019,1,ARF6,1
3020,1,ARFGAP3,1
3021,1,ARFGEF2,1
3022,1,ARFRP1,1
3023,1,ARGLU1,1
3024,1,ARHGAP10,1
3025,1,ARHGAP25,1
3026,1,ARHGAP5,1
3027,1,ARHGDIB,1
3028,1,ARHGDIG,2
3029,1,ARHGEF10,1
3030,1,ARHGEF5,1
3031,1,ARID4B,1
3032,1,ARL1,1
3033,1,ARL11,1
3034,1,ARL4A,1
3035,1,ARL4C,1
3036,1,ARL4D,1
3037,1,ARL5B,1
3038,1,ARL8A,1
3039,1,ARL8B,1
3040,1,ARL9,1
3041,1,ARMC6,1
3042,1,ARMCX1,1
3043,1,ARMCX2,1
3044,1,ARMCX3,1
3045,1,ARPC1A,1
3046,1,ARRDC4,1
3047,1,ARSE,1
3048,1,ARSH,1
3049,1,ARSJ,2
3050,1,ARVCF,1
3051,1,ASAH1,1
3052,1,ASCL3,1
3053,1,ASCL4,1
3054,1,ASF1B,1
3055,1,ASH1L,1
3056,1,ASH2L,1
3057,1,ASRGL1,1
3058,1,ASS1,1
3059,1,ATG4D,1
3060,1,ATN1,1
3061,1,ATOX1,1
3062,1,ATP11C,1
3063,1,ATP12A,1
3064,1,ATP13A2,1
3065,1,ATP13A5,1
3066,1,ATP1A3,2
3067,1,ATP1B4,1
3068,1,ATP2B3,2
3069,1,ATP4A,1
3070,1,ATP4B,1
3071,1,ATP5A1,1
3072,1,ATP5B,1
3073,1,ATP5C1,1
3074,1,ATP5E,1
3075,1,ATP5G1,1
3076,1,ATP5G2,1
3077,1,ATP5G3,1
3078,1,ATP5H,1
3079,1,ATP5I,1
3080,1,ATP5J,1
3081,1,ATP5O,1
3082,1,ATP6,1
3083,1,ATP6V0A2,1
3084,1,ATP6V0B,1
3085,1,ATP6V0C,1
3086,1,ATP6V0D1,1
3087,1,ATP6V0D2,1
3088,1,ATP6V0E1,1
3089,1,ATP6V1B1,1
3090,1,ATP6V1C1,1
3091,1,ATP6V1C2,1
3092,1,ATP6V1E2,1
3093,1,ATP6V1F,1
3094,1,ATP6V1G3,1
3095,1,ATP7A,1
3096,1,ATP7B,1
3097,1,ATP8,1
3098,1,ATP8B1,1
3099,1,ATP8B3,1
3100,1,ATPBD4,1
3101,1,ATXN10,1
3102,1,ATXN3,1
3103,1,ATXN3L,1
3104,1,AURKAIP1,1
3105,1,B3GALNT1,1
3106,1,B3GALT2,1
3107,1,B3GALT4,1
3108,1,B3GALT5,1
3109,1,B3GALT6,1
3110,1,B3GALTL,1
3111,1,B3GAT2,1
3112,1,B3GAT3,1
3113,1,B3GNT3,1
3114,1,B3GNT5,1
3115,1,B3GNT6,1
3116,1,B3GNT7,1
3117,1,B4GALT1,1
3118,1,B4GALT2,1
3119,1,B4GALT3,1
3120,1,B4GALT4,1
3121,1,B4GALT5,1
3122,1,B4GALT7,1
3123,1,BACH1,1
3124,1,BACH2,1
3125,1,BAHD1,1
3126,1,BAIAP2L1,1
3127,1,BARX2,1
3128,1,BAT2,1
3129,1,BAZ1A,1
3130,1,BCAM,1
3131,1,BCAS3,2
3132,1,BCAT2,1
3133,1,BCCIP,1
3134,1,BCKDHA,1
3135,1,BCKDHB,1
3136,1,BCL5,1
3137,1,BCMO1,1
3138,1,BDH1,1
3139,1,BDH2,1
3140,1,BECN1,1
3141,1,BEGAIN,1
3142,1,BEND2,1
3143,1,BEX1,2
3144,1,BGN,1
3145,1,BHLHA15,1
3146,1,BHMT,1
3147,1,BHMT2,1
3148,1,BIVM,1
3149,1,BLNK,1
3150,1,BLOC1S3,1
3151,1,BLVRA,1
3152,1,BMP1,1
3153,1,BMP2K,1
3154,1,BMX,1
3155,1,BOD1,1
3156,1,BPGM,1
3157,1,BPNT1,1
3158,1,BRAP,1
3159,1,BRD1,1
3160,1,BRD2,1
3161,1,BRD3,1
3162,1,BRI3,1
3163,1,BST1,1
3164,1,BTD,1
3165,1,BUD31,1
3166,1,C10orf116,2
3167,1,C10orf81,1
3168,1,C11orf30,1
3169,1,C11orf54,1
3170,1,C12orf9,1
3171,1,C13orf15,1
3172,1,C13orf18,1
3173,1,C13orf27,1
3174,1,C14orf1,1
3175,1,C14orf115,1
3176,1,C14orf118,1
3177,1,C14orf133,1
3178,1,C14orf135,1
3179,1,C14orf145,1
3180,1,C14orf148,1
3181,1,C14orf149,1
3182,1,C14orf156,1
3183,1,C14orf174,1
3184,1,C14orf178,1
3185,1,C14orf179,1
3186,1,C14orf181,1
3187,1,C14orf4,1
3188,1,C14orf43,1
3189,1,C14orf45,1
3190,1,C14orf50,1
3191,1,C14orf83,1
3192,1,C15orf2,1
3193,1,C15orf23,1
3194,1,C15orf24,1
3195,1,C15orf29,1
3196,1,C15orf41,1
3197,1,C15orf51,1
3198,1,C15orf52,1
3199,1,C15orf57,1
3200,1,C19orf18,1
3201,1,C19orf20,1
3202,1,C19orf23,1
3203,1,C19orf24,1
3204,1,C19orf25,1
3205,1,C19orf26,1
3206,1,C19orf33,1
3207,1,C19orf36,1
3208,1,C19orf39,1
3209,1,C19orf46,1
3210,1,C19orf50,1
3211,1,C19orf52,1
3212,1,C19orf55,1
3213,1,C19orf61,1
3214,1,C1GALT1C1,1
3215,1,C1QTNF9,1
3216,1,C20orf103,2
3217,1,C20orf12,1
3218,1,C20orf26,1
3219,1,C20orf3,1
3220,1,C20orf30,1
3221,1,C20orf39,2
3222,1,C20orf72,1
3223,1,C20orf74,1
3224,1,C20orf96,1
3225,1,C21orf128,2
3226,1,C21orf29,1
3227,1,C22orf25,1
3228,1,C22orf29,1
3229,1,C22orf40,1
3230,1,C3P1,1
3231,1,C3orf14,1
3232,1,C4BPA,1
3233,1,C5AR1,2
3234,1,C5orf42,1
3235,1,C6orf15,1
3236,1,C6orf170,1
3237,1,C7orf20,1
3238,1,C7orf26,1
3239,1,C7orf27,1
3240,1,C7orf28A,1
3241,1,C7orf28B,1
3242,1,C7orf31,1
3243,1,C7orf38,1
3244,1,C7orf43,1
3245,1,C7orf47,1
3246,1,C7orf50,1
3247,1,C7orf59,1
3248,1,C7orf70,1
3249,1,C9orf61,2
3250,1,C9orf95,1
3251,1,CA11,2
3252,1,CA13,1
3253,1,CA5A,1
3254,1,CA5B,1
3255,1,CABIN1,1
3256,1,CABLES1,1
3257,1,CABP1,2
3258,1,CACNA1A,1
3259,1,CACNA1B,1
3260,1,CACNA1C,1
3261,1,CACNA1E,1
3262,1,CACNA1S,1
3263,1,CACNA2D1,1
3264,1,CACNB2,1
3265,1,CACNG4,1
3266,1,CACNG5,1
3267,1,CACNG7,1
3268,1,CADM4,1
3269,1,CALCOCO1,1
3270,1,CAMK1,1
3271,1,CAMK2D,1
3272,1,CAMK2N2,1
3273,1,CANT1,1
3274,1,CAPN6,1
3275,1,CAPZB,1
3276,1,CARD16,1
3277,1,CARD6,1
3278,1,CARKD,1
3279,1,CARTPT,2
3280,1,CASD1,1
3281,1,CASP6,1
3282,1,CATSPERB,1
3283,1,CBLC,1
3284,1,CBS,1
3285,1,CBX5,1
3286,1,CBX7,2
3287,1,CCDC80,1
3288,1,CCNB3,1
3289,1,CCNF,1
3290,1,CCNH,1
3291,1,CCNT1,1
3292,1,CCR2,1
3293,1,CCR6,1
3294,1,CCRK,1
3295,1,CD109,1
3296,1,CD160,1
3297,1,CD163,2
3298,1,CD247,1
3299,1,CD38,1
3300,1,CD4,2
3301,1,CD6,1
3302,1,CD79B,1
3303,1,CD93,1
3304,1,CDA,1
3305,1,CDC23,1
3306,1,CDC2L2,1
3307,1,CDC2L6,1
3308,1,CDCA8,1
3309,1,CDH20,1
3310,1,CDH23,2
3311,1,CDH5,1
3312,1,CDH9,2
3313,1,CDIPT,1
3314,1,CDK2AP1,1
3315,1,CDK3,1
3316,1,CDK5R2,1
3317,1,CDKL1,1
3318,1,CDKL3,1
3319,1,CDKL4,1
3320,1,CDO1,1
3321,1,CDR2,1
3322,1,CDS1,1
3323,1,CDS2,1
3324,1,CEACAM19,1
3325,1,CECR2,1
3326,1,CEL,1
3327,1,CENPA,1
3328,1,CENPB,1
3329,1,CENPC1,1
3330,1,CENPE,1
3331,1,CENPH,1
3332,1,CENPJ,1
3333,1,CENPL,1
3334,1,CENPM,1
3335,1,CENPN,1
3336,1,CENPO,1
3337,1,CENPP,1
3338,1,CENPQ,1
3339,1,CENPT,1
3340,1,CENPV,1
3341,1,CEP55,2
3342,1,CERKL,1
3343,1,CES1,1
3344,1,CETN2,1
3345,1,CFLAR,1
3346,1,CHAF1A,1
3347,1,CHAF1B,1
3348,1,CHD6,1
3349,1,CHD7,2
3350,1,CHDH,1
3351,1,CHGA,3
3352,1,CHGB,2
3353,1,CHIA,1
3354,1,CHIT1,1
3355,1,CHMP2A,1
3356,1,CHODL,1
3357,1,CHPF,1
3358,1,CHPT1,1
3359,1,CHRNA3,2
3360,1,CHST1,1
3361,1,CHST11,1
3362,1,CHST13,1
3363,1,CHST2,1
3364,1,CHST4,1
3365,1,CHST6,1
3366,1,CHST7,1
3367,1,CHSY3,1
3368,1,CHURC1,1
3369,1,CILP2,1
3370,1,CIR,1
3371,1,CIRBP,1
3372,1,CIRH1A,1
3373,1,CITED2,1
3374,1,CITED4,1
3375,1,CKMT1A,1
3376,1,CKS1B,1
3377,1,CKS2,1
3378,1,CLASP1,1
3379,1,CLCN3,1
3380,1,CLCN4,1
3381,1,CLCN5,1
3382,1,CLDN10,2
3383,1,CLDN11,1
3384,1,CLEC2B,2
3385,1,CLEC3B,1
3386,1,CLEC4C,1
3387,1,CLIC2,1
3388,1,CLIC6,1
3389,1,CLIP1,1
3390,1,CLK2,1
3391,1,CLK3,1
3392,1,CLK4,1
3393,1,CLOCK,2
3394,1,CLPTM1,1
3395,1,CLPTM1L,1
3396,1,CLRN3,1
3397,1,CLSTN2,1
3398,1,CLTB,2
3399,1,CMBL,1
3400,1,CMPK1,1
3401,1,CMTM5,1
3402,1,CMYA5,1
3403,1,CNGA2,1
3404,1,CNKSR1,1
3405,1,CNKSR3,1
3406,1,CNNM4,1
3407,1,CNOT3,1
3408,1,CNOT4,1
3409,1,CNPY4,1
3410,1,COASY,1
3411,1,COCH,1
3412,1,COL14A1,1
3413,1,COL17A1,1
3414,1,COL19A1,1
3415,1,COL4A1,3
3416,1,COL4A4,1
3417,1,COL5A1,3
3418,1,COL5A3,1
3419,1,COL6A2,2
3420,1,COL7A1,1
3421,1,COMMD1,1
3422,1,COPE,1
3423,1,COQ2,1
3424,1,COQ3,1
3425,1,COQ5,1
3426,1,COQ7,1
3427,1,CORO6,2
3428,1,COX1,1
3429,1,COX10,1
3430,1,COX15,1
3431,1,COX16,1
3432,1,COX19,1
3433,1,COX3,1
3434,1,COX4I2,1
3435,1,COX5A,1
3436,1,COX6A1,1
3437,1,COX6A2,1
3438,1,COX6B2,1
3439,1,COX7A2,1
3440,1,COX7B,1
3441,1,COX7B2,1
3442,1,COX7C,1
3443,1,COX8A,1
3444,1,COX8C,1
3445,1,CPAMD8,1
3446,1,CPLX2,2
3447,1,CPNE1,1
3448,1,CPNE4,1
3449,1,CPNE8,1
3450,1,CPOX,1
3451,1,CPS1,1
3452,1,CPSF4,1
3453,1,CPT1C,1
3454,1,CPT2,1
3455,1,CRAT,1
3456,1,CREB3L2,1
3457,1,CRELD2,1
3458,1,CRIM1,1
3459,1,CRISPLD1,1
3460,1,CRKRS,1
3461,1,CRLF1,3
3462,1,CRLS1,1
3463,1,CRNKL1,1
3464,1,CS,1
3465,1,CSAD,1
3466,1,CSE1L,1
3467,1,CSGALNACT1,1
3468,1,CSGALNACT2,1
3469,1,CSNK1A1,1
3470,1,CSNK1G1,1
3471,1,CSNK1G3,1
3472,1,CSNK2B,1
3473,1,CSPP1,1
3474,1,CSRP2BP,1
3475,1,CST2,1
3476,1,CST4,1
3477,1,CST5,1
3478,1,CST7,1
3479,1,CST8,1
3480,1,CTBP2,1
3481,1,CTGF,1
3482,1,CTH,1
3483,1,CTNNAL1,1
3484,1,CTPS,1
3485,1,CTPS2,1
3486,1,CTTN,1
3487,1,CUL3,2
3488,1,CUL4B,1
3489,1,CUL9,1
3490,1,CX3CR1,2
3491,1,CXADR,1
3492,1,CXCL9,1
3493,1,CXCR3,1
3494,1,CXXC4,2
3495,1,CXorf15,1
3496,1,CXorf22,1
3497,1,CXorf23,1
3498,1,CXorf36,1
3499,1,CYB5R1,1
3500,1,CYB5R4,1
3501,1,CYBB,1
3502,1,CYC1,1
3503,1,CYLC1,1
3504,1,CYP11B2,1
3505,1,CYP27A1,1
3506,1,CYP2C18,1
3507,1,CYP2C19,1
3508,1,CYP2C8,1
3509,1,CYP2C9,1
3510,1,CYP2F1,1
3511,1,CYP2S1,1
3512,1,CYP3A43,1
3513,1,CYP3A5,1
3514,1,CYP3A7,1
3515,1,CYP4A11,1
3516,1,CYP4A22,1
3517,1,CYP4X1,2
3518,1,CYP4Z1,2
3519,1,CYP7A1,1
3520,1,CYTH3,1
3521,1,DAAM1,1
3522,1,DAB1,1
3523,1,DACT1,1
3524,1,DAD1,1
3525,1,DAGLB,1
3526,1,DAK,1
3527,1,DAO,1
3528,1,DAPK2,1
3529,1,DARS,1
3530,1,DARS2,1
3531,1,DBT,1
3532,1,DCAKD,1
3533,1,DCBLD2,2
3534,1,DCI,1
3535,1,DCK,1
3536,1,DCLK3,1
3537,1,DCLRE1A,1
3538,1,DCLRE1B,1
3539,1,DCLRE1C,1
3540,1,DCTD,1
3541,1,DCUN1D2,1
3542,1,DCXR,1
3543,1,DDC,1
3544,1,DDHD1,1
3545,1,DDOST,1
3546,1,DDX17,1
3547,1,DDX19A,1
3548,1,DDX41,1
3549,1,DDX47,1
3550,1,DDX49,1
3551,1,DDX50,1
3552,1,DDX51,1
3553,1,DDX52,1
3554,1,DDX55,1
3555,1,DDX56,1
3556,1,1-Dec,1
3557,1,DEM1,1
3558,1,DEPDC1,1
3559,1,DERA,1
3560,1,DERL3,1
3561,1,DET1,1
3562,1,DFFA,1
3563,1,DFFB,1
3564,1,DGAT1,1
3565,1,DGAT2,1
3566,1,DGCR14,1
3567,1,DGCR2,1
3568,1,DGCR6L,1
3569,1,DGCR8,1
3570,1,DGKK,1
3571,1,DGUOK,1
3572,1,DHCR7,1
3573,1,DHDH,1
3574,1,DHODH,1
3575,1,DHRS1,1
3576,1,DHRS2,1
3577,1,DHRS9,2
3578,1,DHRSX,1
3579,1,DHX32,1
3580,1,DHX35,1
3581,1,DHX58,1
3582,1,DIAPH2,1
3583,1,DIRAS1,1
3584,1,DKK2,1
3585,1,DKK4,1
3586,1,DLAT,1
3587,1,DLD,1
3588,1,DLG2,2
3589,1,DLK2,1
3590,1,DMC1,1
3591,1,DMGDH,1
3592,1,DMPK,1
3593,1,DMRTA2,1
3594,1,DNA2,1
3595,1,DNAH11,1
3596,1,DNAH9,1
3597,1,DNAJC3,1
3598,1,DNAL1,1
3599,1,DNM1L,1
3600,1,DOCK3,1
3601,1,DOCK4,1
3602,1,DOCK5,1
3603,1,DOCK9,1
3604,1,DOLK,1
3605,1,DPF3,1
3606,1,DPH1,1
3607,1,DSG2,2
3608,1,DSG4,1
3609,1,DSN1,1
3610,1,DSP,2
3611,1,DSTN,1
3612,1,DSTYK,1
3613,1,DTD1,1
3614,1,DTL,1
3615,1,DTX2,1
3616,1,DUPD1,1
3617,1,DUSP11,1
3618,1,DUSP13,1
3619,1,DUSP14,1
3620,1,DUSP15,1
3621,1,DUSP16,1
3622,1,DUSP18,1
3623,1,DUSP19,1
3624,1,DUSP21,1
3625,1,DUSP22,1
3626,1,DUSP23,1
3627,1,DUSP27,1
3628,1,DUSP28,1
3629,1,DUSP5,1
3630,1,DUSP6,1
3631,1,DUSP7,1
3632,1,DVL1,1
3633,1,DYRK1A,1
3634,1,DYRK1B,1
3635,1,DYRK3,1
3636,1,DYRK4,1
3637,1,DZIP1,1
3638,1,DZIP3,1
3639,1,E4F1,1
3640,1,EARS2,1
3641,1,EBP,1
3642,1,ECH1,1
3643,1,ECHDC2,1
3644,1,EDA,1
3645,1,EDF1,1
3646,1,EDN2,1
3647,1,EED,1
3648,1,EEF2K,1
3649,1,EEFSEC,1
3650,1,EFCAB2,1
3651,1,EFEMP2,2
3652,1,EFHA1,1
3653,1,EFHA2,2
3654,1,EFNA4,1
3655,1,EFNB1,1
3656,1,EFTUD2,1
3657,1,EGFLAM,1
3658,1,EGLN1,1
3659,1,EGLN2,1
3660,1,EGLN3,1
3661,1,EGR1,2
3662,1,EHHADH,1
3663,1,EID3,1
3664,1,EIF2AK3,1
3665,1,EIF2B2,1
3666,1,EIF2B5,1
3667,1,EIF3B,1
3668,1,EIF3G,1
3669,1,EIF4B,1
3670,1,EIF4G1,1
3671,1,EIF5,1
3672,1,EIF5A2,1
3673,1,ELOVL5,1
3674,1,ELOVL6,1
3675,1,ELTD1,1
3676,1,EME1,1
3677,1,EMX2,2
3678,1,ENGASE,1
3679,1,ENO3,1
3680,1,ENPEP,1
3681,1,ENPP1,1
3682,1,ENPP3,1
3683,1,ENPP5,1
3684,1,ENPP6,1
3685,1,ENPP7,1
3686,1,ENTPD1,1
3687,1,ENTPD2,1
3688,1,ENTPD4,1
3689,1,ENTPD7,1
3690,1,ENTPD8,1
3691,1,EPB41L4B,1
3692,1,EPHX1,1
3693,1,EPRS,1
3694,1,EPX,1
3695,1,ERC2,2
3696,1,ERVWE1,1
3697,1,ESCO1,1
3698,1,ESCO2,1
3699,1,ESRRB,1
3700,1,ESRRG,1
3701,1,ETHE1,1
3702,1,EVI2A,2
3703,1,EXD2,1
3704,1,EXO1,1
3705,1,EXOC4,1
3706,1,EXTL2,1
3707,1,F13A1,3
3708,1,F2RL2,1
3709,1,F3,1
3710,1,F7,1
3711,1,FA2H,2
3712,1,FABP3,1
3713,1,FADS1,1
3714,1,FADS2,1
3715,1,FAH,1
3716,1,FAM108A1,1
3717,1,FAM118A,1
3718,1,FAM127C,1
3719,1,FAM12B,1
3720,1,FAM148B,1
3721,1,FAM155A,1
3722,1,FAM161A,1
3723,1,FAM161B,1
3724,1,FAM164C,1
3725,1,FAM175B,1
3726,1,FAM184A,2
3727,1,FAM19A1,2
3728,1,FAM46D,1
3729,1,FAM48B1,1
3730,1,FAM70A,1
3731,1,FAM71D,1
3732,1,FAM76B,1
3733,1,FANCB,1
3734,1,FANCL,1
3735,1,FARP1,1
3736,1,FARS2,1
3737,1,FARSA,1
3738,1,FARSB,1
3739,1,FASTKD1,1
3740,1,FASTKD2,1
3741,1,FASTKD3,1
3742,1,FASTKD5,1
3743,1,FAT4,1
3744,1,FBLL1,1
3745,1,FBP1,1
3746,1,FBP2,1
3747,1,FBXL2,1
3748,1,FBXL21,1
3749,1,FBXL3,1
3750,1,FBXL5,1
3751,1,FBXL6,1
3752,1,FBXL7,1
3753,1,FBXO10,1
3754,1,FBXO11,1
3755,1,FBXO22,1
3756,1,FBXO25,1
3757,1,FBXO34,1
3758,1,FBXO4,1
3759,1,FBXO6,1
3760,1,FBXO7,1
3761,1,FBXO9,1
3762,1,FBXW8,1
3763,1,FCF1,1
3764,1,FCGR1B,1
3765,1,FCGR3A,1
3766,1,FCRL5,1
3767,1,FDFT1,1
3768,1,FDX1L,1
3769,1,FECH,1
3770,1,FEZF2,2
3771,1,FGF17,1
3772,1,FGF20,1
3773,1,FGF23,1
3774,1,FGF6,1
3775,1,FGF7,1
3776,1,FGFRL1,1
3777,1,FGGY,1
3778,1,FHL1,1
3779,1,FHOD3,2
3780,1,FJX1,1
3781,1,FLAD1,1
3782,1,FLJ10357,1
3783,1,FLJ10404,1
3784,1,FLJ35220,1
3785,1,FLJ37078,1
3786,1,FLJ44635,1
3787,1,FLRT2,1
3788,1,FLT3LG,1
3789,1,FMO4,1
3790,1,FN3K,1
3791,1,FNDC3B,2
3792,1,FNTA,1
3793,1,FNTB,1
3794,1,FOLR2,2
3795,1,FOXC2,1
3796,1,FOXL2,1
3797,1,FOXP1,1
3798,1,FPGS,1
3799,1,FPGT,1
3800,1,FPR3,2
3801,1,FRA7G,1
3802,1,FRAT1,1
3803,1,FREM1,1
3804,1,FRMD6,1
3805,1,FRMPD3,1
3806,1,FRY,1
3807,1,FSCB,1
3808,1,FSCN1,1
3809,1,FTCD,1
3810,1,FTH1,1
3811,1,FTMT,1
3812,1,FTSJ2,1
3813,1,FUCA1,1
3814,1,FUCA2,1
3815,1,FUK,1
3816,1,FUT11,1
3817,1,FUT2,1
3818,1,FUT3,1
3819,1,FUT4,1
3820,1,FUT5,1
3821,1,FUT6,1
3822,1,FUT7,1
3823,1,FXN,1
3824,1,FZD2,1
3825,1,FZD5,1
3826,1,G6PC,1
3827,1,G6PC2,1
3828,1,GAA,1
3829,1,GABRA1,2
3830,1,GABRA2,2
3831,1,GABRA4,2
3832,1,GABRB1,2
3833,1,GABRD,2
3834,1,GABRG3,1
3835,1,GAK,1
3836,1,GAL3ST1,1
3837,1,GAL3ST4,1
3838,1,GALC,1
3839,1,GALE,1
3840,1,GALK1,1
3841,1,GALK2,1
3842,1,GALM,1
3843,1,GALNAC4S-6ST,1
3844,1,GALNT1,1
3845,1,GALNT10,1
3846,1,GALNT13,1
3847,1,GALNT2,1
3848,1,GALNT6,1
3849,1,GALNT7,1
3850,1,GALNTL1,1
3851,1,GALNTL2,1
3852,1,GALNTL4,1
3853,1,GALR2,1
3854,1,GANC,1
3855,1,GAPDH,1
3856,1,GAPDHS,1
3857,1,GARNL3,3
3858,1,GART,1
3859,1,GATM,1
3860,1,GBA,1
3861,1,GBA3,1
3862,1,GBE1,1
3863,1,GBGT1,1
3864,1,GBL,1
3865,1,GC,1
3866,1,GCAT,1
3867,1,GCDH,1
3868,1,GCH1,1
3869,1,GCNT2,1
3870,1,GCNT3,1
3871,1,GCNT4,1
3872,1,GDF1,1
3873,1,GDF3,1
3874,1,GEMIN7,1
3875,1,GEN1,1
3876,1,GFER,1
3877,1,GFOD1,2
3878,1,GFPT1,1
3879,1,GFRA1,1
3880,1,GGA1,1
3881,1,GGCX,1
3882,1,GGH,1
3883,1,GGPS1,1
3884,1,GGT7,1
3885,1,GGTLC2,1
3886,1,GH1,1
3887,1,GH2,1
3888,1,GHSR,1
3889,1,GIGYF1,1
3890,1,GINS1,1
3891,1,GIT1,1
3892,1,GIT2,1
3893,1,GJD4,1
3894,1,GK,1
3895,1,GK5,1
3896,1,GKAP1,1
3897,1,GKN1,1
3898,1,GLA,1
3899,1,GLB1,1
3900,1,GLCCI1,1
3901,1,GLCE,1
3902,1,GLDC,1
3903,1,GLRA2,1
3904,1,GLT1D1,2
3905,1,GLTSCR1,1
3906,1,GLUD1,1
3907,1,GLUD2,1
3908,1,GLYCTK,1
3909,1,GMDS,1
3910,1,GMPPA,1
3911,1,GMPPB,1
3912,1,GMPR,1
3913,1,GMPR2,1
3914,1,GNA13,1
3915,1,GNA14,1
3916,1,GNAI2,1
3917,1,GNAL,1
3918,1,GNAT1,1
3919,1,GNAT3,1
3920,1,GNB1,1
3921,1,GNB1L,1
3922,1,GNB3,1
3923,1,GNB5,1
3924,1,GNG11,1
3925,1,GNG4,2
3926,1,GNG8,1
3927,1,GNGT1,1
3928,1,GNGT2,1
3929,1,GNPAT,1
3930,1,GNPDA1,1
3931,1,GNPDA2,1
3932,1,GNPNAT1,1
3933,1,GNRH2,1
3934,1,GOLPH3,1
3935,1,GOT2,1
3936,1,GP1BB,1
3937,1,GPAA1,1
3938,1,GPAM,1
3939,1,GPATCH3,1
3940,1,GPC1,1
3941,1,GPD1,1
3942,1,GPD1L,1
3943,1,GPD2,1
3944,1,GPM6A,2
3945,1,GPR101,1
3946,1,GPR12,1
3947,1,GPR133,1
3948,1,GPR135,1
3949,1,GPR146,1
3950,1,GPR150,1
3951,1,GPR160,1
3952,1,GPR173,1
3953,1,GPR174,1
3954,1,GPR180,1
3955,1,GPR50,1
3956,1,GPSN2,1
3957,1,GPT2,1
3958,1,GPX1,1
3959,1,GPX2,1
3960,1,GPX3,1
3961,1,GPX5,1
3962,1,GPX6,1
3963,1,GRAMD4,1
3964,1,GRB14,2
3965,1,GRB7,1
3966,1,GREM2,2
3967,1,GRHPR,1
3968,1,GRID1,1
3969,1,GRIN2D,1
3970,1,GRIN3A,2
3971,1,GRK1,1
3972,1,GRK4,1
3973,1,GRK5,1
3974,1,GRK6,1
3975,1,GRTP1,1
3976,1,GSPT1,1
3977,1,GSR,1
3978,1,GSS,1
3979,1,GSTA2,1
3980,1,GSTA3,1
3981,1,GSTA5,1
3982,1,GSTO2,1
3983,1,GSTT2,1
3984,1,GSX1,1
3985,1,GTF2A1,1
3986,1,GTF2H2,1
3987,1,GTF2H3,1
3988,1,GTF2H5,1
3989,1,GTF3A,1
3990,1,GTF3C4,1
3991,1,GTF3C6,1
3992,1,GTPBP2,1
3993,1,GTSE1,1
3994,1,GUCY1A3,1
3995,1,GUCY1B3,1
3996,1,GUSB,1
3997,1,GYPA,2
3998,1,GZF1,1
3999,1,H2AFY2,1
4000,1,H3F3A,1
4001,1,H3F3B,1
4002,1,H6PD,1
4003,1,HAAO,1
4004,1,HADH,1
4005,1,HADHA,1
4006,1,HADHB,1
4007,1,HAGH,1
4008,1,HAGHL,1
4009,1,HAL,1
4010,1,HAND1,1
4011,1,HAO1,1
4012,1,HAO2,1
4013,1,HAPLN4,1
4014,1,HARS,1
4015,1,HARS2,1
4016,1,HAS1,1
4017,1,HAS2,1
4018,1,HAS3,1
4019,1,HAUS5,1
4020,1,HBB,2
4021,1,HBEGF,1
4022,1,HCCA2,1
4023,1,HCCS,1
4024,1,HDAC11,1
4025,1,HDLBP,1
4026,1,HEATR2,1
4027,1,HECW2,1
4028,1,HELB,3
4029,1,HELQ,1
4030,1,HEMK1,1
4031,1,HES4,1
4032,1,HES5,1
4033,1,HES6,1
4034,1,HES7,1
4035,1,HEY1,1
4036,1,HEY2,1
4037,1,HGD,1
4038,1,HGSNAT,1
4039,1,HHEX,1
4040,1,HHIP,1
4041,1,HIBADH,1
4042,1,HIBCH,1
4043,1,HIC1,1
4044,1,HIF1AN,1
4045,1,HIPK1,1
4046,1,HIPK3,1
4047,1,HIPK4,1
4048,1,HIST1H1A,1
4049,1,HIST1H2BJ,1
4050,1,HIVEP3,1
4051,1,HLA-B,1
4052,1,HLA-DPA1,1
4053,1,HLA-E,2
4054,1,HLA-F,1
4055,1,HLCS,1
4056,1,HMBS,1
4057,1,HMGCL,1
4058,1,HMGCR,1
4059,1,HMGCS1,1
4060,1,HMGCS2,1
4061,1,HMOX2,1
4062,1,HNF1B,1
4063,1,HNF4A,1
4064,1,HNF4G,1
4065,1,HNMT,1
4066,1,HNRNPC,1
4067,1,HOMER3,1
4068,1,HOXA3,1
4069,1,HOXB5,1
4070,1,HOXB6,1
4071,1,HOXB7,1
4072,1,HOXC11,1
4073,1,HOXC6,1
4074,1,HOXD9,1
4075,1,HPCA,2
4076,1,HPD,1
4077,1,HPR,3
4078,1,HPSE2,1
4079,1,HR,1
4080,1,HRH1,1
4081,1,HS2ST1,1
4082,1,HS3ST1,1
4083,1,HS3ST4,2
4084,1,HS3ST5,1
4085,1,HS6ST1,1
4086,1,HS6ST2,1
4087,1,HSD11B2,1
4088,1,HSD17B10,1
4089,1,HSD17B12,1
4090,1,HSD17B6,1
4091,1,HSD17B7,1
4092,1,HSD17B8,1
4093,1,HSD3B7,1
4094,1,HSPA5,1
4095,1,HSPA9,1
4096,1,HSPB6,1
4097,1,HSPG2,1
4098,1,HSPH1,1
4099,1,HTATSF1,1
4100,1,HTR5A,2
4101,1,HUNK,1
4102,1,HUS1B,1
4103,1,HYI,1
4104,1,IARS,1
4105,1,IARS2,1
4106,1,IBTK,1
4107,1,ID4,1
4108,1,IDH3A,1
4109,1,IDH3B,1
4110,1,IDH3G,1
4111,1,IDO1,1
4112,1,IDO2,1
4113,1,IDS,1
4114,1,IER5L,1
4115,1,IFI27,1
4116,1,IFI30,2
4117,1,IFIH1,1
4118,1,IFITM3,2
4119,1,IFNAR2,1
4120,1,IFRD1,1
4121,1,IFT88,1
4122,1,IGF2BP3,1
4123,1,IGH@,1
4124,1,IGSF1,1
4125,1,IGSF22,1
4126,1,IKBKE,1
4127,1,IKBKG,1
4128,1,IL12A,1
4129,1,IL12B,1
4130,1,IL12RB1,1
4131,1,IL17D,1
4132,1,IL17RB,1
4133,1,IL17RD,1
4134,1,IL18R1,1
4135,1,IL1R2,1
4136,1,IL1RAP,2
4137,1,IL1RAPL2,1
4138,1,IL24,1
4139,1,IL3RA,1
4140,1,IL8RA,1
4141,1,IL8RB,1
4142,1,ILKAP,1
4143,1,ILVBL,1
4144,1,IMP4,1
4145,1,IMPAD1,1
4146,1,INA,2
4147,1,INCENP,1
4148,1,INHA,1
4149,1,INMT,1
4150,1,INPP5K,1
4151,1,INS,1
4152,1,INSC,1
4153,1,INSL3,1
4154,1,INTS1,1
4155,1,IP6K2,1
4156,1,IPO13,1
4157,1,IPO4,1
4158,1,IPO7,1
4159,1,IPO8,1
4160,1,IPPK,1
4161,1,IQCE,1
4162,1,IQSEC3,3
4163,1,IRAK1BP1,1
4164,1,IRAK2,1
4165,1,IRF3,2
4166,1,IRGQ,1
4167,1,IRX2,1
4168,1,IRX5,1
4169,1,IRX6,1
4170,1,ISCA2,1
4171,1,ISYNA1,1
4172,1,ITCH,1
4173,1,ITGA10,1
4174,1,ITGA7,2
4175,1,ITGA9,3
4176,1,ITGAE,1
4177,1,ITGB1BP3,1
4178,1,ITGB7,1
4179,1,ITGBL1,1
4180,1,ITLN1,1
4181,1,ITPA,1
4182,1,ITPKC,1
4183,1,ITPR3,2
4184,1,JAG1,3
4185,1,JAKMIP2,1
4186,1,JARID2,1
4187,1,JHDM1D,1
4188,1,JMJD1C,1
4189,1,JMJD4,1
4190,1,JMJD5,1
4191,1,JMJD6,1
4192,1,JMJD7,1
4193,1,JMJD7-PLA2G4B,1
4194,1,KANK2,1
4195,1,KARS,1
4196,1,KATNAL1,1
4197,1,KBTBD11,2
4198,1,KCNA1,2
4199,1,KCNC2,2
4200,1,KCNH8,1
4201,1,KCNJ16,3
4202,1,KCNK3,1
4203,1,KCNQ5,1
4204,1,KCNS1,2
4205,1,KDELC1,1
4206,1,KDM3A,1
4207,1,KDM3B,1
4208,1,KDM4A,1
4209,1,KDM4C,1
4210,1,KDM4D,1
4211,1,KDM5C,1
4212,1,KDM6B,1
4213,1,KHK,1
4214,1,KIAA0182,1
4215,1,KIAA0247,1
4216,1,KIAA0317,1
4217,1,KIAA0427,1
4218,1,KIAA0467,1
4219,1,KIAA0513,2
4220,1,KIAA0556,1
4221,1,KIAA0586,1
4222,1,KIAA0652,1
4223,1,KIAA0664,1
4224,1,KIAA0831,1
4225,1,KIAA1210,1
4226,1,KIAA1549,1
4227,1,KIAA1737,1
4228,1,KIF16B,1
4229,1,KIF20A,1
4230,1,KIFC2,1
4231,1,KISS1R,1
4232,1,KLC3,1
4233,1,KLF2,1
4234,1,KLF5,1
4235,1,KLHL2,2
4236,1,KLHL26,1
4237,1,KLHL9,1
4238,1,KLK13,1
4239,1,KLK14,1
4240,1,KLK15,1
4241,1,KLK9,1
4242,1,KMO,1
4243,1,KPNA2,3
4244,1,KPNA5,1
4245,1,KPNB1,2
4246,1,KRI1,1
4247,1,KRR1,1
4248,1,KRT1,1
4249,1,KRT4,1
4250,1,KRT73,1
4251,1,KRT9,1
4252,1,L2HGDH,1
4253,1,LALBA,1
4254,1,LAMB1,2
4255,1,LAMB4,1
4256,1,LAMC3,1
4257,1,LAMP2,1
4258,1,LAP3,1
4259,1,LARP5,1
4260,1,LARS,1
4261,1,LARS2,1
4262,1,LASS1,1
4263,1,LASS6,1
4264,1,LBH,1
4265,1,LCAT,1
4266,1,LCLAT1,1
4267,1,LCMT1,1
4268,1,LCMT2,1
4269,1,LCN9,1
4270,1,LCT,1
4271,1,LDHAL6A,1
4272,1,LDHAL6B,1
4273,1,LDHC,1
4274,1,LDOC1L,1
4275,1,LEMD3,2
4276,1,LENG1,1
4277,1,LEPR,1
4278,1,LGR6,1
4279,1,LHCGR,1
4280,1,LHX2,2
4281,1,LHX6,2
4282,1,LIAS,1
4283,1,LIMK1,1
4284,1,LIMK2,1
4285,1,LIN37,1
4286,1,LIN52,1
4287,1,LIPA,1
4288,1,LIPT1,1
4289,1,LLGL1,1
4290,1,LMF2,1
4291,1,LMNA,1
4292,1,LMNB1,1
4293,1,LMO3,2
4294,1,LMO4,1
4295,1,LNX1,1
4296,1,LPA,1
4297,1,LPAR2,1
4298,1,LPO,1
4299,1,LPPR2,1
4300,1,LRBA,1
4301,1,LRCH4,1
4302,1,LRFN2,2
4303,1,LRPPRC,1
4304,1,LRRC16A,2
4305,1,LRRC2,1
4306,1,LRRC27,1
4307,1,LRRC41,1
4308,1,LRRC59,1
4309,1,LRRK1,1
4310,1,LRRN3,1
4311,1,LRRTM4,2
4312,1,LSM7,1
4313,1,LSS,1
4314,1,LTB4R,1
4315,1,LTC4S,1
4316,1,LTF,2
4317,1,LUM,2
4318,1,LY6H,2
4319,1,LY75,2
4320,1,LY96,2
4321,1,LYPLA1,1
4322,1,LYPLA2,1
4323,1,LYZL1,1
4324,1,LZTR1,1
4325,1,MAD2L2,1
4326,1,MAEL,1
4327,1,MAFK,1
4328,1,MAGEA6,1
4329,1,MAGEB10,1
4330,1,MAGEB6B,1
4331,1,MAGI2,1
4332,1,MAGI3,1
4333,1,MAK,1
4334,1,MAMDC4,1
4335,1,MAML3,1
4336,1,MAN1A1,3
4337,1,MAN1A2,1
4338,1,MAN1B1,1
4339,1,MAN2B2,1
4340,1,MAN2C1,1
4341,1,MANBA,1
4342,1,MAP1B,1
4343,1,MAP2K5,1
4344,1,MAP3K11,1
4345,1,MAP3K12,1
4346,1,MAP3K13,1
4347,1,MAP3K7IP1,1
4348,1,MAP3K7IP2,1
4349,1,MAP3K7IP3,1
4350,1,MAP3K9,1
4351,1,MAP4K1,1
4352,1,MAP4K5,1
4353,1,MAP7D2,2
4354,1,MAP7D3,1
4355,1,MAPK1IP1L,1
4356,1,MAPKSP1,1
4357,1,MARK2,1
4358,1,MARK3,1
4359,1,MAS1,1
4360,1,MAST2,1
4361,1,MAST4,1
4362,1,MASTL,1
4363,1,MAT1A,1
4364,1,MBD4,1
4365,1,MBD6,2
4366,1,MBLAC1,1
4367,1,MBOAT7,1
4368,1,MCCC1,1
4369,1,MCCC2,1
4370,1,MCEE,1
4371,1,MCM3,1
4372,1,MDS2,1
4373,1,ME2,1
4374,1,MECR,1
4375,1,MED13L,1
4376,1,MED16,1
4377,1,MED6,1
4378,1,MEF2A,1
4379,1,MEIS2,1
4380,1,MEPCE,1
4381,1,METT11D1,1
4382,1,METTL10,1
4383,1,METTL2B,1
4384,1,METTL3,1
4385,1,METTL6,1
4386,1,MEX3D,1
4387,1,MFN1,1
4388,1,MFNG,1
4389,1,MFSD4,2
4390,1,MGAM,1
4391,1,MGAT2,1
4392,1,MGAT3,1
4393,1,MGAT4A,1
4394,1,MGAT4B,1
4395,1,MICAL2,2
4396,1,MICAL3,1
4397,1,MICALL2,1
4398,1,MID1,1
4399,1,MIDN,1
4400,1,MINK1,1
4401,1,MIOS,1
4402,1,MIOX,1
4403,1,MIPEP,1
4404,1,MIS12,1
4405,1,MKL2,2
4406,1,MKNK1,1
4407,1,MKRN1,1
4408,1,MLANA,1
4409,1,MLKL,1
4410,1,MLL2,1
4411,1,MLL5,1
4412,1,MLYCD,1
4413,1,MMAB,1
4414,1,MMP11,1
4415,1,MMP13,1
4416,1,MMP20,1
4417,1,MMP8,1
4418,1,MMS19,1
4419,1,MNDA,2
4420,1,MOBKL1A,1
4421,1,MOBKL2C,1
4422,1,MOBKL3,1
4423,1,MOGS,1
4424,1,MORF4L2,2
4425,1,MOSPD2,1
4426,1,MOSPD3,1
4427,1,MPDZ,1
4428,1,MPG,1
4429,1,MPHOSPH8,1
4430,1,MPI,1
4431,1,MPP5,1
4432,1,MPPED2,2
4433,1,MPST,1
4434,1,MPV17L,1
4435,1,MPV17L2,1
4436,1,MPZ,1
4437,1,MRP63,1
4438,1,MRPL4,1
4439,1,MRPL40,1
4440,1,MRPS15,1
4441,1,MRPS33,1
4442,1,MS4A4A,2
4443,1,MSH4,1
4444,1,MSH5,1
4445,1,MSI1,2
4446,1,MSX1,1
4447,1,MSX2,1
4448,1,MT1G,1
4449,1,MT1H,1
4450,1,MT2A,1
4451,1,MTA2,1
4452,1,MTFMT,1
4453,1,MTHFD1L,1
4454,1,MTHFD2,1
4455,1,MTHFS,1
4456,1,MTIF3,1
4457,1,MTMR1,1
4458,1,MTMR2,1
4459,1,MTMR9,1
4460,1,MTSS1,2
4461,1,MUM1,1
4462,1,MUS81,1
4463,1,MUT,1
4464,1,MVD,1
4465,1,MX2,1
4466,1,MXD1,1
4467,1,MYADM,1
4468,1,MYBL2,1
4469,1,MYBPC1,2
4470,1,MYD88,1
4471,1,MYH1,1
4472,1,MYH2,1
4473,1,MYLIP,1
4474,1,MYLK,1
4475,1,MYO16,1
4476,1,MYO19,1
4477,1,MYO1B,1
4478,1,MYO1G,1
4479,1,MYO3B,1
4480,1,MYO6,1
4481,1,MYST1,1
4482,1,MYT1L,2
4483,1,MZF1,1
4484,1,N4BP2L1,1
4485,1,N4BP2L2,1
4486,1,N6AMT2,1
4487,1,NAAA,1
4488,1,NADSYN1,1
4489,1,NAGA,1
4490,1,NAGLU,1
4491,1,NAGS,1
4492,1,NALCN,1
4493,1,NANP,1
4494,1,NANS,1
4495,1,NAP1L5,2
4496,1,NARS,1
4497,1,NARS2,1
4498,1,NASP,1
4499,1,NAT6,1
4500,1,NBL1,2
4501,1,NBR2,1
4502,1,NCAN,1
4503,1,NCAPH,1
4504,1,NCAPH2,1
4505,1,NCBP2L,1
4506,1,NCDN,2
4507,1,NCF1,1
4508,1,NCF2,2
4509,1,NCR1,1
4510,1,ND1,1
4511,1,ND2,1
4512,1,ND3,1
4513,1,ND4,1
4514,1,ND4L,1
4515,1,ND5,1
4516,1,ND6,1
4517,1,NDE1,1
4518,1,NDRG3,1
4519,1,NDST1,1
4520,1,NDST2,1
4521,1,NDST3,1
4522,1,NDST4,1
4523,1,NDUFA1,1
4524,1,NDUFA11,1
4525,1,NDUFA12,1
4526,1,NDUFA2,1
4527,1,NDUFA4L2,1
4528,1,NDUFA5,1
4529,1,NDUFA6,1
4530,1,NDUFA7,1
4531,1,NDUFA8,1
4532,1,NDUFA9,1
4533,1,NDUFAB1,1
4534,1,NDUFAF1,1
4535,1,NDUFB1,1
4536,1,NDUFB10,1
4537,1,NDUFB11,1
4538,1,NDUFB3,1
4539,1,NDUFB4,1
4540,1,NDUFB5,1
4541,1,NDUFB6,1
4542,1,NDUFB7,1
4543,1,NDUFB9,1
4544,1,NDUFC1,1
4545,1,NDUFC2,1
4546,1,NDUFS1,1
4547,1,NDUFS2,1
4548,1,NDUFS4,1
4549,1,NDUFS5,1
4550,1,NDUFS6,1
4551,1,NDUFS8,1
4552,1,NDUFV1,1
4553,1,NDUFV2,1
4554,1,NDUFV3,1
4555,1,NEDD9,1
4556,1,NEIL1,1
4557,1,NEIL2,1
4558,1,NEK1,1
4559,1,NEK3,1
4560,1,NEK4,1
4561,1,NEK5,1
4562,1,NEK6,1
4563,1,NEK7,1
4564,1,NEK8,1
4565,1,NEO1,1
4566,1,NETO1,1
4567,1,NEU1,1
4568,1,NEU2,1
4569,1,NEU3,1
4570,1,NEU4,1
4571,1,NEUROD1,1
4572,1,NFASC,1
4573,1,NFATC4,1
4574,1,NFIL3,1
4575,1,NFKBIE,1
4576,1,NFS1,1
4577,1,NFX1,1
4578,1,NHEJ1,1
4579,1,NKIRAS1,1
4580,1,NKIRAS2,1
4581,1,NKX3-1,1
4582,1,NKX6-1,1
4583,1,NLGN1,1
4584,1,NLGN2,1
4585,1,NLGN4X,1
4586,1,NLRP10,1
4587,1,NLRP4,1
4588,1,NLRP5,1
4589,1,NME2,1
4590,1,NME4,1
4591,1,NME6,1
4592,1,NMNAT1,1
4593,1,NMNAT3,1
4594,1,NNT,1
4595,1,NOL4,2
4596,1,NOTCH2NL,1
4597,1,NP,1
4598,1,NPAT,1
4599,1,NPM2,2
4600,1,NPNT,1
4601,1,NPR2,1
4602,1,NPTX1,2
4603,1,NQO1,1
4604,1,NR1D1,1
4605,1,NR1D2,1
4606,1,NR1H2,1
4607,1,NR1H3,1
4608,1,NR1I2,1
4609,1,NR1I3,1
4610,1,NR2C1,1
4611,1,NR2C2,1
4612,1,NR2C2AP,1
4613,1,NR2E3,1
4614,1,NR2F1,1
4615,1,NR3C2,1
4616,1,NR5A2,1
4617,1,NR6A1,1
4618,1,NRCAM,1
4619,1,NRD1,1
4620,1,NRG2,1
4621,1,NRGN,2
4622,1,NRIP1,1
4623,1,NRK,1
4624,1,NRSN2,1
4625,1,NRXN1,2
4626,1,NRXN3,3
4627,1,NSBP1,1
4628,1,NSDHL,1
4629,1,NSF,2
4630,1,NSFL1C,1
4631,1,NT5C,1
4632,1,NT5C1A,1
4633,1,NT5C1B,1
4634,1,NT5C3,1
4635,1,NT5M,1
4636,1,NTAN1,1
4637,1,NTF3,1
4638,1,NTHL1,1
4639,1,NTNG1,1
4640,1,NUAK2,1
4641,1,NUCKS1,1
4642,1,NUDC,1
4643,1,NUDCD3,1
4644,1,NUDT12,1
4645,1,NUDT2,1
4646,1,NUDT5,1
4647,1,NUDT8,1
4648,1,NUDT9,1
4649,1,NUP188,2
4650,1,NUP205,2
4651,1,NXT1,1
4652,1,NYX,1
4653,1,OAT,1
4654,1,OBSCN,1
4655,1,OCA2,2
4656,1,OCLN,1
4657,1,ODC1,1
4658,1,OGDH,1
4659,1,OGG1,1
4660,1,OGT,1
4661,1,OLAH,1
4662,1,OLFM3,2
4663,1,OPA1,1
4664,1,OPA3,1
4665,1,OPLAH,1
4666,1,OR2L13,1
4667,1,OR4Q3,1
4668,1,OR51E1,1
4669,1,OR8D2,1
4670,1,ORC5L,1
4671,1,ORC6L,1
4672,1,OSGEP,1
4673,1,OTC,1
4674,1,OTOF,1
4675,1,OVGP1,1
4676,1,OVOL2,1
4677,1,OXCT2,1
4678,1,OXSM,1
4679,1,P11,1
4680,1,P2RY10,1
4681,1,P4HA1,1
4682,1,P4HA3,1
4683,1,PABPC5,1
4684,1,PACSIN2,1
4685,1,PAFAH2,1
4686,1,PAGE1,1
4687,1,PAH,1
4688,1,PAICS,1
4689,1,PAK2,1
4690,1,PAK4,1
4691,1,PALM2-AKAP2,2
4692,1,PAN3,1
4693,1,PANK1,1
4694,1,PANK2,1
4695,1,PANK3,1
4696,1,PAPPA,1
4697,1,PAPPA2,2
4698,1,PAPSS1,1
4699,1,PARD3,1
4700,1,PARD6A,1
4701,1,PARS2,1
4702,1,PARVB,1
4703,1,PASK,1
4704,1,PCCB,1
4705,1,PCDH11Y,2
4706,1,PCDH15,1
4707,1,PCDH18,1
4708,1,PCDH19,1
4709,1,PCDH8,2
4710,1,PCDHA9,1
4711,1,PCDHB15,1
4712,1,PCDHB2,1
4713,1,PCDHB3,1
4714,1,PCDHB5,1
4715,1,PCID2,1
4716,1,PCK1,1
4717,1,PCK2,1
4718,1,PCNX,1
4719,1,PCOLCE2,2
4720,1,PCSK4,1
4721,1,PCSK5,2
4722,1,PCTK1,1
4723,1,PCTK2,1
4724,1,PCTK3,1
4725,1,PCYT1A,1
4726,1,PCYT1B,1
4727,1,PDAP1,1
4728,1,PDCD1,1
4729,1,PDCD11,1
4730,1,PDE11A,1
4731,1,PDE1C,1
4732,1,PDE3B,1
4733,1,PDE4B,1
4734,1,PDE4C,1
4735,1,PDE6G,1
4736,1,PDE7A,1
4737,1,PDE7B,1
4738,1,PDE8A,1
4739,1,PDE8B,1
4740,1,PDE9A,1
4741,1,PDHA1,1
4742,1,PDHA2,1
4743,1,PDHB,1
4744,1,PDIA3,1
4745,1,PDIK1L,1
4746,1,PDS5B,1
4747,1,PDXP,1
4748,1,PDZRN4,1
4749,1,PEBP4,1
4750,1,PECI,1
4751,1,PECR,1
4752,1,PELI3,2
4753,1,PEMT,1
4754,1,PER3,1
4755,1,PFAS,1
4756,1,PFDN5,1
4757,1,PFKFB1,1
4758,1,PFKFB2,1
4759,1,PFKFB3,1
4760,1,PFKFB4,1
4761,1,PFKL,1
4762,1,PFTK2,1
4763,1,PGAM1,1
4764,1,PGAM2,1
4765,1,PGAM4,1
4766,1,PGAP1,1
4767,1,PGBD4,1
4768,1,PGBD5,2
4769,1,PGC,1
4770,1,PGD,1
4771,1,PGGT1B,1
4772,1,PGLS,1
4773,1,PGLYRP2,1
4774,1,PGM2,1
4775,1,PGM3,1
4776,1,PGPEP1,1
4777,1,PHACTR2,1
4778,1,PHACTR4,1
4779,1,PHB2,1
4780,1,PHEX,1
4781,1,PHF14,1
4782,1,PHF21B,1
4783,1,PHGDH,1
4784,1,PHKA1,1
4785,1,PHKA2,1
4786,1,PHKB,1
4787,1,PHKG1,1
4788,1,PHKG2,1
4789,1,PHLDB3,1
4790,1,PHOSPHO2,1
4791,1,PI15,2
4792,1,PI4K2A,1
4793,1,PI4K2B,1
4794,1,PIAS2,1
4795,1,PIGA,1
4796,1,PIGB,1
4797,1,PIGF,1
4798,1,PIGG,1
4799,1,PIGK,1
4800,1,PIGL,1
4801,1,PIGQ,1
4802,1,PIGT,1
4803,1,PIGU,1
4804,1,PIGV,1
4805,1,PIGW,1
4806,1,PIGX,1
4807,1,PIGZ,1
4808,1,PIK3IP1,1
4809,1,PIK3R6,1
4810,1,PILRA,1
4811,1,PILRB,1
4812,1,PIM3,1
4813,1,PIN1,1
4814,1,PIP5KL1,1
4815,1,PISD,1
4816,1,PITPNM2,2
4817,1,PKHD1,1
4818,1,PKIA,1
4819,1,PKIG,1
4820,1,PKMYT1,1
4821,1,PKN2,1
4822,1,PKN3,1
4823,1,PKNOX1,1
4824,1,PLA1A,1
4825,1,PLA2G10,1
4826,1,PLA2G12A,1
4827,1,PLA2G12B,1
4828,1,PLA2G1B,1
4829,1,PLA2G2D,1
4830,1,PLA2G2E,1
4831,1,PLA2G2F,1
4832,1,PLA2G3,1
4833,1,PLA2G4B,1
4834,1,PLA2G7,1
4835,1,PLB1,1
4836,1,PLCD3,1
4837,1,PLCD4,1
4838,1,PLEK2,1
4839,1,PLEKHA8,1
4840,1,PLEKHG3,1
4841,1,PLEKHJ1,1
4842,1,PLG,1
4843,1,PLK2,1
4844,1,PLK4,1
4845,1,PLOD1,1
4846,1,PLOD2,1
4847,1,PLVAP,1
4848,1,PLXDC2,1
4849,1,PLXNB2,1
4850,1,PMEPA1,1
4851,1,PMM1,1
4852,1,PMM2,1
4853,1,PMS2L3,1
4854,1,PMS2L5,1
4855,1,PMVK,1
4856,1,PNKP,1
4857,1,PNLIP,1
4858,1,PNLIPRP1,1
4859,1,PNMA1,1
4860,1,PNPO,1
4861,1,PNPT1,1
4862,1,POLDIP3,1
4863,1,POLG2,1
4864,1,POLH,1
4865,1,POLK,1
4866,1,POLL,1
4867,1,POLQ,1
4868,1,POLR1E,1
4869,1,POLR3C,1
4870,1,POLR3D,1
4871,1,POLR3E,1
4872,1,POLR3GL,1
4873,1,POLS,1
4874,1,POMGNT1,1
4875,1,POMP,1
4876,1,PON1,1
4877,1,PON2,1
4878,1,PON3,1
4879,1,POP7,1
4880,1,PORCN,1
4881,1,POT1,1
4882,1,POTED,1
4883,1,POU2F3,1
4884,1,POU6F2,1
4885,1,PPA2,1
4886,1,PPAN,1
4887,1,PPAPDC1A,1
4888,1,PPAPDC1B,1
4889,1,PPAPDC2,1
4890,1,PPAPDC3,1
4891,1,PPAT,1
4892,1,PPBP,1
4893,1,PPCDC,1
4894,1,PPEF1,1
4895,1,PPEF2,1
4896,1,PPFIA1,1
4897,1,PPFIA3,1
4898,1,PPM1B,1
4899,1,PPM1F,1
4900,1,PPM1J,1
4901,1,PPM1L,1
4902,1,PPM1M,1
4903,1,PPM2C,1
4904,1,PPOX,1
4905,1,PPP1CB,1
4906,1,PPP1R10,1
4907,1,PPP1R11,1
4908,1,PPP1R12A,1
4909,1,PPP1R12B,1
4910,1,PPP1R12C,1
4911,1,PPP1R14C,1
4912,1,PPP1R14D,1
4913,1,PPP1R16A,1
4914,1,PPP1R1C,1
4915,1,PPP1R2,1
4916,1,PPP1R3B,1
4917,1,PPP1R3C,1
4918,1,PPP1R3D,1
4919,1,PPP1R7,1
4920,1,PPP1R9A,1
4921,1,PPP1R9B,1
4922,1,PPP2R3C,1
4923,1,PPP2R5B,1
4924,1,PPP2R5C,1
4925,1,PPP4R1,1
4926,1,PPP4R2,1
4927,1,PPP4R4,2
4928,1,PPP6C,1
4929,1,PPT1,1
4930,1,PPT2,1
4931,1,PPTC7,1
4932,1,PRAME,2
4933,1,PRDM2,1
4934,1,PRDM9,1
4935,1,PRDX6,1
4936,1,PREPL,2
4937,1,PRG2,1
4938,1,PRIM1,1
4939,1,PRIM2,1
4940,1,PRKAG1,1
4941,1,PRKAG2,1
4942,1,PRKAG3,1
4943,1,PRKD3,1
4944,1,PRKG1,1
4945,1,PRKG2,1
4946,1,PRKRIR,1
4947,1,PRKX,1
4948,1,PRKY,1
4949,1,PRL,1
4950,1,PRNP,3
4951,1,PRODH,1
4952,1,PROX2,1
4953,1,PRPF18,1
4954,1,PRPF4,1
4955,1,PRPS1L1,1
4956,1,PRPS2,1
4957,1,PRR16,1
4958,1,PRR3,1
4959,1,PRR5,1
4960,1,PRSS12,1
4961,1,PRSS21,1
4962,1,PRSS8,1
4963,1,PRTFDC1,1
4964,1,PRUNE,1
4965,1,PRUNE2,1
4966,1,PSCA,1
4967,1,PSEN2,1
4968,1,PSKH1,1
4969,1,PSKH2,1
4970,1,PSMA2,1
4971,1,PSMC3IP,1
4972,1,PSMD13,2
4973,1,PSMF1,1
4974,1,PSMG3,1
4975,1,PSPC1,1
4976,1,PSTPIP1,1
4977,1,PSTPIP2,1
4978,1,PTCD1,1
4979,1,PTCHD1,1
4980,1,PTCRA,1
4981,1,PTDSS1,1
4982,1,PTDSS2,1
4983,1,PTGES2,1
4984,1,PTGIS,1
4985,1,PTGR2,1
4986,1,PTGS1,1
4987,1,PTK6,1
4988,1,PTN,3
4989,1,PTPDC1,1
4990,1,PTPLA,1
4991,1,PTPLAD1,1
4992,1,PTPLB,1
4993,1,PTPN12,1
4994,1,PTPN18,1
4995,1,PTPN20A,1
4996,1,PTPN20B,1
4997,1,PTPN21,1
4998,1,PTPN23,1
4999,1,PTPN3,1
5000,1,PTPN4,1
5001,1,PTPN5,1
5002,1,PTPN7,1
5003,1,PTPN9,1
5004,1,PTPRCAP,1
5005,1,PTRF,2
5006,1,PTS,1
5007,1,PVR,1
5008,1,PVRIG,1
5009,1,PVRL2,1
5010,1,PWWP2B,1
5011,1,PXK,1
5012,1,PYCR1,1
5013,1,PYCR2,1
5014,1,PYCRL,1
5015,1,PZP,1
5016,1,QARS,1
5017,1,QPRT,1
5018,1,RAB11A,1
5019,1,RAB11B,1
5020,1,RAB11FIP4,2
5021,1,RAB14,1
5022,1,RAB18,1
5023,1,RAB1A,1
5024,1,RAB22A,1
5025,1,RAB27B,1
5026,1,RAB28,1
5027,1,RAB2B,1
5028,1,RAB30,1
5029,1,RAB31,1
5030,1,RAB34,1
5031,1,RAB35,1
5032,1,RAB36,1
5033,1,RAB3B,1
5034,1,RAB3C,1
5035,1,RAB40B,2
5036,1,RAB4A,1
5037,1,RAB4B,1
5038,1,RAB5B,1
5039,1,RAB5C,1
5040,1,RAB6A,1
5041,1,RAB6B,1
5042,1,RAB6C,1
5043,1,RAB7A,1
5044,1,RAB7L1,1
5045,1,RAB8B,1
5046,1,RAB9A,1
5047,1,RABGAP1,1
5048,1,RABL2A,1
5049,1,RAD18,1
5050,1,RAD23A,1
5051,1,RAD51AP1,1
5052,1,RAD51C,1
5053,1,RAET1E,1
5054,1,RAG1,1
5055,1,RAG2,1
5056,1,RAI2,1
5057,1,RALA,1
5058,1,RANBP1,1
5059,1,RANBP9,1
5060,1,RANGAP1,1
5061,1,RAPGEF2,1
5062,1,RAPGEF4,2
5063,1,RARG,1
5064,1,RARS,1
5065,1,RARS2,1
5066,1,RASAL2,1
5067,1,RASD2,1
5068,1,RASGRP3,1
5069,1,RBBP5,1
5070,1,RBBP8,1
5071,1,RBBP9,1
5072,1,RBM11,2
5073,1,RBM14,1
5074,1,RBM25,1
5075,1,RBM26,1
5076,1,RBM27,1
5077,1,RBM39,1
5078,1,RBM9,1
5079,1,RBP4,2
5080,1,RCBTB2,1
5081,1,RCC2,1
5082,1,RCL1,1
5083,1,RCSD1,2
5084,1,RDH12,1
5085,1,RDH13,1
5086,1,RDH14,1
5087,1,RDH5,1
5088,1,RDH8,1
5089,1,REC8,1
5090,1,RECQL,1
5091,1,RECQL5,1
5092,1,REEP1,2
5093,1,REEP6,1
5094,1,REM1,1
5095,1,RERG,1
5096,1,REV1,1
5097,1,REV3L,1
5098,1,RFC2,1
5099,1,RFC3,1
5100,1,RFC4,1
5101,1,RFC5,1
5102,1,RFFL,1
5103,1,RFK,1
5104,1,RFNG,1
5105,1,RFPL2,2
5106,1,RFPL3,2
5107,1,RFT1,1
5108,1,RFWD2,1
5109,1,RGAG1,1
5110,1,RGAG4,1
5111,1,RGL1,1
5112,1,RGL2,1
5113,1,RGL3,1
5114,1,RGN,2
5115,1,RGS20,2
5116,1,RHBDD1,1
5117,1,RHOBTB3,1
5118,1,RHOF,1
5119,1,RHOQ,1
5120,1,RHPN2,2
5121,1,RICS,1
5122,1,RIOK1,1
5123,1,RIOK2,1
5124,1,RIOK3,1
5125,1,RIPK1,1
5126,1,RIPK2,1
5127,1,RIPPLY2,1
5128,1,RLN2,1
5129,1,RLTPR,1
5130,1,RNASEH1,1
5131,1,RNASEH2A,1
5132,1,RNASET2,1
5133,1,RND2,1
5134,1,RNF113A,1
5135,1,RNF125,1
5136,1,RNF126,1
5137,1,RNF14,1
5138,1,RNF144B,1
5139,1,RNF2,1
5140,1,RNF216,1
5141,1,RNF217,1
5142,1,RNF219,1
5143,1,RNF6,1
5144,1,RNLS,1
5145,1,RNR1,1
5146,1,ROCK2,1
5147,1,ROD1,1
5148,1,ROGDI,2
5149,1,RORA,1
5150,1,RORC,1
5151,1,RP11-45B20.2,1
5152,1,RP1L1,1
5153,1,RP2,2
5154,1,RP3-402G11.5,1
5155,1,RPA2,1
5156,1,RPA4,1
5157,1,RPE,1
5158,1,RPGRIP1,1
5159,1,RPH3AL,1
5160,1,RPIA,1
5161,1,RPL21,1
5162,1,RPP25,1
5163,1,RPS15,1
5164,1,RPS3,1
5165,1,RPS6KA6,1
5166,1,RPUSD2,1
5167,1,RRAGC,1
5168,1,RRBP1,1
5169,1,RRM2,1
5170,1,RRN3,1
5171,1,RSPH10B,1
5172,1,RXRB,1
5173,1,RXRG,1
5174,1,RYR2,2
5175,1,S100A13,2
5176,1,SALL1,1
5177,1,SALL2,1
5178,1,SAMM50,1
5179,1,SAP18,1
5180,1,SAPS2,1
5181,1,SARDH,1
5182,1,SARS,1
5183,1,SATB1,2
5184,1,SATL1,1
5185,1,SAV1,1
5186,1,SBF1,1
5187,1,SBK1,1
5188,1,SBNO1,1
5189,1,SBNO2,1
5190,1,SC4MOL,1
5191,1,SC5DL,1
5192,1,SCAF1,1
5193,1,SCARA5,1
5194,1,SCD,1
5195,1,SCG3,2
5196,1,SCGB2A1,1
5197,1,SCLY,1
5198,1,SCN3A,2
5199,1,SCN9A,1
5200,1,SCO2,1
5201,1,SDCBP2,1
5202,1,SDHA,1
5203,1,SDS,1
5204,1,SEC13,1
5205,1,SEC23B,1
5206,1,SEC61A1,2
5207,1,SEMA3D,1
5208,1,SEMA5B,1
5209,1,SEPP1,2
5210,1,4-Sep,1
5211,1,SERPINA12,1
5212,1,SESN2,1
5213,1,SETD2,1
5214,1,SETD8,1
5215,1,SETDB2,1
5216,1,SETX,1
5217,1,SF3A2,1
5218,1,SF4,1
5219,1,SFRP5,1
5220,1,SFRS14,1
5221,1,SFRS6,1
5222,1,SGIP1,2
5223,1,SGK2,1
5224,1,SGK269,1
5225,1,SGMS1,1
5226,1,SGOL1,1
5227,1,SGOL2,1
5228,1,SGTA,1
5229,1,SH2D1A,1
5230,1,SH2D1B,1
5231,1,SH3BP1,1
5232,1,SH3TC1,1
5233,1,SHFM1,1
5234,1,SHMT1,1
5235,1,SHMT2,1
5236,1,SHPK,1
5237,1,SHROOM3,1
5238,1,SI,1
5239,1,SIAH1,1
5240,1,SIAH2,1
5241,1,SIGLEC1,1
5242,1,SIM1,1
5243,1,SIM2,1
5244,1,SIN3B,1
5245,1,SIRT6,1
5246,1,SIRT7,1
5247,1,SIX1,1
5248,1,SIX5,1
5249,1,SKAP1,1
5250,1,SKIV2L2,1
5251,1,SKP1,1
5252,1,SLC10A2,1
5253,1,SLC12A5,2
5254,1,SLC12A6,2
5255,1,SLC16A2,1
5256,1,SLC1A6,1
5257,1,SLC22A1,1
5258,1,SLC22A15,1
5259,1,SLC22A16,1
5260,1,SLC22A2,1
5261,1,SLC24A3,1
5262,1,SLC25A1,1
5263,1,SLC25A21,1
5264,1,SLC25A39,1
5265,1,SLC25A42,1
5266,1,SLC25A43,1
5267,1,SLC29A1,1
5268,1,SLC2A12,1
5269,1,SLC2A8,1
5270,1,SLC30A3,2
5271,1,SLC33A1,1
5272,1,SLC34A2,1
5273,1,SLC35F3,2
5274,1,SLC37A3,1
5275,1,SLC38A6,1
5276,1,SLC39A3,1
5277,1,SLC39A6,1
5278,1,SLC39A9,1
5279,1,SLC44A2,1
5280,1,SLC4A10,2
5281,1,SLC4A4,2
5282,1,SLC5A8,1
5283,1,SLC6A13,2
5284,1,SLC6A3,1
5285,1,SLC7A1,1
5286,1,SLC9A10,1
5287,1,SLCO1A2,2
5288,1,SLCO1C1,2
5289,1,SLFN11,1
5290,1,SLITRK3,2
5291,1,SLITRK6,1
5292,1,SLK,1
5293,1,SMARCAL1,1
5294,1,SMARCC2,1
5295,1,SMARCE1,1
5296,1,SMC1B,1
5297,1,SMPX,2
5298,1,SMS,1
5299,1,SMTN,1
5300,1,SMUG1,1
5301,1,SMURF2,1
5302,1,SNAI3,1
5303,1,SNAP25,2
5304,1,SNAPC3,1
5305,1,SNCA,2
5306,1,SNORD116@,1
5307,1,SNRNP200,1
5308,1,SNRPB2,1
5309,1,SNTA1,2
5310,1,SNTB1,1
5311,1,SNX5,1
5312,1,SNX8,1
5313,1,SOAT2,1
5314,1,SOCS5,1
5315,1,SORCS3,2
5316,1,SORD,1
5317,1,SORL1,1
5318,1,SOX2,3
5319,1,SOX7,1
5320,1,SP110,1
5321,1,SP5,1
5322,1,SPA17,1
5323,1,SPAM1,1
5324,1,SPATA13,1
5325,1,SPC24,1
5326,1,SPC25,1
5327,1,SPCS1,1
5328,1,SPCS3,1
5329,1,SPDYE3,1
5330,1,SPEG,1
5331,1,SPHK2,1
5332,1,SPINK2,1
5333,1,SPINK4,1
5334,1,SPINK5,1
5335,1,SPINK6,1
5336,1,SPINK7,1
5337,1,SPINK8,1
5338,1,SPINK9,1
5339,1,SPINT1,1
5340,1,SPNS1,1
5341,1,SPOCK1,2
5342,1,SPR,1
5343,1,SPRED2,1
5344,1,SPTBN5,1
5345,1,SPTLC2,1
5346,1,SQLE,1
5347,1,SRA1,1
5348,1,SRCAP,1
5349,1,SREBF2,1
5350,1,SRM,1
5351,1,SRMS,1
5352,1,SRPK1,1
5353,1,SRPX,2
5354,1,SRPX2,2
5355,1,SRXN1,1
5356,1,SSBP4,1
5357,1,SSX2IP,2
5358,1,ST3GAL2,1
5359,1,ST3GAL4,1
5360,1,ST3GAL5,1
5361,1,ST3GAL6,1
5362,1,ST6GAL2,1
5363,1,ST6GALNAC3,1
5364,1,ST6GALNAC4,1
5365,1,ST6GALNAC5,1
5366,1,ST6GALNAC6,1
5367,1,ST8SIA1,1
5368,1,STAC3,1
5369,1,STAG1,1
5370,1,STAM,1
5371,1,STAMBPL1,1
5372,1,STAR,2
5373,1,STARD13,1
5374,1,STARD3NL,1
5375,1,STK11IP,1
5376,1,STK16,1
5377,1,STK17A,1
5378,1,STK17B,1
5379,1,STK19,1
5380,1,STK25,1
5381,1,STK3,1
5382,1,STK31,1
5383,1,STK32A,1
5384,1,STK33,1
5385,1,STK35,1
5386,1,STK38,1
5387,1,STK38L,1
5388,1,STK39,1
5389,1,STK4,1
5390,1,STK40,1
5391,1,STL,1
5392,1,STON2,1
5393,1,STT3B,1
5394,1,STUB1,1
5395,1,STX1A,2
5396,1,STX5,1
5397,1,STX8,1
5398,1,SUCLA2,1
5399,1,SUCLG1,1
5400,1,SUCLG2,1
5401,1,SULF2,1
5402,1,SULT1A1,1
5403,1,SULT1A2,1
5404,1,SULT1A3,1
5405,1,SULT1A4,1
5406,1,SULT1B1,1
5407,1,SULT1C2,1
5408,1,SULT1C4,1
5409,1,SULT2A1,1
5410,1,SUMF2,1
5411,1,SUOX,1
5412,1,SUPT16H,1
5413,1,SUV420H1,1
5414,1,SUV420H2,1
5415,1,SV2B,2
5416,1,SVIL,1
5417,1,SYCP1,1
5418,1,SYN2,2
5419,1,SYNE1,2
5420,1,SYNE2,1
5421,1,SYNJ2BP,1
5422,1,SYT14L,1
5423,1,TACC1,1
5424,1,TACC3,1
5425,1,TACR2,1
5426,1,TAF2,1
5427,1,TAF6,1
5428,1,TAF7L,1
5429,1,TALDO1,1
5430,1,TAOK2,1
5431,1,TAP1,1
5432,1,TARS2,1
5433,1,TAT,1
5434,1,TBC1D20,1
5435,1,TBC1D22A,1
5436,1,TBC1D4,1
5437,1,TBPL1,1
5438,1,TBX1,1
5439,1,TBX3,1
5440,1,TBX4,1
5441,1,TBX5,1
5442,1,TCEAL2,2
5443,1,TCEAL5,1
5444,1,TCEAL7,1
5445,1,TCF4,1
5446,1,TCF7,1
5447,1,TCF7L1,1
5448,1,TDG,1
5449,1,TDP1,1
5450,1,TDRD6,1
5451,1,TDRD7,1
5452,1,TEAD1,1
5453,1,TECPR1,1
5454,1,TECTA,1
5455,1,TENC1,1
5456,1,TEP1,1
5457,1,TERF1,1
5458,1,TESK1,1
5459,1,TESK2,1
5460,1,TEX11,1
5461,1,TF,2
5462,1,TFDP2,1
5463,1,TFR2,1
5464,1,TH,1
5465,1,TH1L,1
5466,1,THOC4,1
5467,1,THOC5,1
5468,1,THOP1,1
5469,1,TIAF1,1
5470,1,TIMM13,1
5471,1,TKT,1
5472,1,TKTL1,1
5473,1,TKTL2,1
5474,1,TLE3,1
5475,1,TLE4,1
5476,1,TLK1,1
5477,1,TLK2,1
5478,1,TLR7,1
5479,1,TM6SF2,1
5480,1,TM7SF2,1
5481,1,TM9SF2,1
5482,1,TMCO3,1
5483,1,TMED10,1
5484,1,TMED8,1
5485,1,TMEFF1,2
5486,1,TMEM106B,1
5487,1,TMEM123,1
5488,1,TMEM144,2
5489,1,TMEM149,1
5490,1,TMEM155,2
5491,1,TMEM164,1
5492,1,TMEM171,1
5493,1,TMEM200B,1
5494,1,TMEM205,1
5495,1,TMEM22,1
5496,1,TMEM35,2
5497,1,TMEM47,1
5498,1,TMEM55B,1
5499,1,TMEM59L,1
5500,1,TMEM85,1
5501,1,TMF1,1
5502,1,TMLHE,1
5503,1,TMPRSS3,1
5504,1,TMPRSS6,1
5505,1,TMSB15A,2
5506,1,TMSB15B,1
5507,1,TMTC4,1
5508,1,TNFRSF13B,1
5509,1,TNFRSF25,3
5510,1,TNFRSF4,1
5511,1,TNFSF11,1
5512,1,TNFSF18,1
5513,1,TNFSF9,1
5514,1,TNIK,1
5515,1,TNK1,1
5516,1,TNN,1
5517,1,TNPO1,1
5518,1,TNPO3,1
5519,1,TNR,1
5520,1,TNRC4,2
5521,1,TOM1L1,1
5522,1,TOMM40,1
5523,1,TOX,1
5524,1,TOX4,1
5525,1,TP53AIP1,1
5526,1,TP53INP1,1
5527,1,TP53RK,1
5528,1,TPD52L1,2
5529,1,TPD52L2,1
5530,1,TPH2,1
5531,1,TPI1,1
5532,1,TPK1,1
5533,1,TPP2,1
5534,1,TPPP2,1
5535,1,TPRG1L,2
5536,1,TPTE,1
5537,1,TRA@,1
5538,1,TRABD,1
5539,1,TRAF6,1
5540,1,TRAF7,1
5541,1,TRAIP,1
5542,1,TRAPPC6A,1
5543,1,TRAT1,1
5544,1,TRB@,1
5545,1,TRD@,1
5546,1,TREH,1
5547,1,TREX1,1
5548,1,TREX2,1
5549,1,TRIB2,2
5550,1,TRIM23,1
5551,1,TRIM25,1
5552,1,TRIM27,1
5553,1,TRIM28,1
5554,1,TRIM29,1
5555,1,TRIM37,1
5556,1,TRIM4,1
5557,1,TRIM58,1
5558,1,TRIM71,1
5559,1,TRIOBP,1
5560,1,TRMT2A,1
5561,1,TRMT5,1
5562,1,TRMU,1
5563,1,TROAP,1
5564,1,TRPC5,1
5565,1,TRPM7,1
5566,1,TRPV5,1
5567,1,TRPV6,1
5568,1,TSEN34,1
5569,1,TSGA10,1
5570,1,TSPAN14,1
5571,1,TSPAN15,1
5572,1,TSPAN17,1
5573,1,TSPO,1
5574,1,TSSK1B,1
5575,1,TSSK2,1
5576,1,TSSK3,1
5577,1,TSSK4,1
5578,1,TSSK6,1
5579,1,TSTA3,1
5580,1,TTBK2,1
5581,1,TTC38,1
5582,1,TTC5,1
5583,1,TTC9,1
5584,1,TTLL1,1
5585,1,TTLL12,1
5586,1,TTLL5,1
5587,1,TTYH3,1
5588,1,TUBA8,2
5589,1,TUBGCP2,1
5590,1,TUBGCP3,1
5591,1,TUBGCP6,1
5592,1,TXK,1
5593,1,TXNRD1,1
5594,1,TYR,1
5595,1,TYROBP,1
5596,1,UBA52,1
5597,1,UBAC2,1
5598,1,UBE2D1,1
5599,1,UBE2D3,1
5600,1,UBE2E2,1
5601,1,UBE2E3,1
5602,1,UBE2G2,1
5603,1,UBE2H,1
5604,1,UBE2K,1
5605,1,UBE2L3,1
5606,1,UBE2L6,1
5607,1,UBE2N,1
5608,1,UBE2S,1
5609,1,UBE2V2,1
5610,1,UBE3A,1
5611,1,UBL3,1
5612,1,UBLCP1,1
5613,1,UBQLN2,1
5614,1,UBQLNL,1
5615,1,UCHL5,1
5616,1,UCK1,1
5617,1,UCK2,1
5618,1,UCRC,1
5619,1,UFC1,1
5620,1,UFD1L,1
5621,1,UFM1,1
5622,1,UGDH,1
5623,1,UGP2,1
5624,1,UGT1A3,1
5625,1,UGT1A4,1
5626,1,UGT1A5,1
5627,1,UGT1A7,1
5628,1,UGT1A8,1
5629,1,UGT1A9,1
5630,1,UGT2A1,1
5631,1,UGT2A3,1
5632,1,UGT2B10,1
5633,1,UGT2B15,1
5634,1,UGT2B17,1
5635,1,UGT2B28,1
5636,1,UGT2B7,1
5637,1,UHMK1,1
5638,1,ULBP1,1
5639,1,ULK2,1
5640,1,ULK3,1
5641,1,ULK4,1
5642,1,UNC84A,1
5643,1,UPB1,1
5644,1,UPP2,1
5645,1,UPRT,1
5646,1,UQCRB,1
5647,1,UQCRC1,1
5648,1,UQCRQ,1
5649,1,URB2,1
5650,1,UROC1,1
5651,1,UROD,1
5652,1,USP1,1
5653,1,USP12,1
5654,1,USP14,1
5655,1,USP20,1
5656,1,USP28,1
5657,1,USP34,1
5658,1,USP43,1
5659,1,USP44,1
5660,1,USP5,1
5661,1,USP8,1
5662,1,USPL1,1
5663,1,UST,1
5664,1,UVRAG,1
5665,1,UXS1,1
5666,1,VAMP3,1
5667,1,VANGL1,1
5668,1,VARS,1
5669,1,VARS2,1
5670,1,VASH1,1
5671,1,VCAN,1
5672,1,VEGFB,1
5673,1,VEPH1,1
5674,1,VGLL4,1
5675,1,VKORC1,1
5676,1,VN1R1,1
5677,1,VNN1,1
5678,1,VNN2,1
5679,1,VNN3,1
5680,1,VRK1,1
5681,1,VRK3,1
5682,1,VTI1B,1
5683,1,VWA5A,1
5684,1,WARS,1
5685,1,WARS2,1
5686,1,WASL,1
5687,1,WBSCR22,1
5688,1,WDFY3,1
5689,1,WDR1,1
5690,1,WDR18,1
5691,1,WDR21A,1
5692,1,WDR22,1
5693,1,WDR37,1
5694,1,WDR40B,1
5695,1,WDR40C,1
5696,1,WDR44,1
5697,1,WDR89,1
5698,1,WDR91,1
5699,1,WEE2,1
5700,1,WISP3,1
5701,1,WNK1,1
5702,1,WNK3,1
5703,1,WNT10A,1
5704,1,WNT3,1
5705,1,WNT3A,1
5706,1,WNT8A,1
5707,1,WNT9B,1
5708,1,WSCD1,2
5709,1,WWP1,1
5710,1,WWP2,1
5711,1,XAB2,1
5712,1,XIRP1,1
5713,1,XIST,1
5714,1,XKRX,1
5715,1,XPO4,1
5716,1,XPO5,1
5717,1,XYLB,1
5718,1,XYLT1,1
5719,1,XYLT2,1
5720,1,YARS,1
5721,1,YARS2,1
5722,1,YEATS4,1
5723,1,YIPF2,1
5724,1,YLPM1,1
5725,1,YOD1,1
5726,1,YSK4,1
5727,1,YWHAG,1
5728,1,YY2,1
5729,1,ZBED4,1
5730,1,ZBTB1,1
5731,1,ZBTB25,1
5732,1,ZBTB33,1
5733,1,ZBTB45,1
5734,1,ZC3H12B,1
5735,1,ZCCHC3,1
5736,1,ZCWPW1,1
5737,1,ZDHHC20,1
5738,1,ZDHHC22,1
5739,1,ZDHHC23,1
5740,1,ZDHHC4,1
5741,1,ZFAND2A,1
5742,1,ZFP28,1
5743,1,ZFP3,1
5744,1,ZFP36L1,1
5745,1,ZFP37,1
5746,1,ZFYVE1,1
5747,1,ZFYVE19,1
5748,1,ZIC1,1
5749,1,ZIC5,1
5750,1,ZIK1,1
5751,1,ZIM2,1
5752,1,ZKSCAN5,1
5753,1,ZMYM5,1
5754,1,ZMYND11,1
5755,1,ZMYND8,1
5756,1,ZNF101,1
5757,1,ZNF12,1
5758,1,ZNF132,1
5759,1,ZNF133,1
5760,1,ZNF135,1
5761,1,ZNF137,1
5762,1,ZNF154,1
5763,1,ZNF155,1
5764,1,ZNF160,1
5765,1,ZNF17,1
5766,1,ZNF180,1
5767,1,ZNF182,1
5768,1,ZNF189,1
5769,1,ZNF219,1
5770,1,ZNF221,1
5771,1,ZNF222,1
5772,1,ZNF223,1
5773,1,ZNF224,1
5774,1,ZNF225,1
5775,1,ZNF226,1
5776,1,ZNF230,1
5777,1,ZNF234,1
5778,1,ZNF253,1
5779,1,ZNF256,1
5780,1,ZNF28,1
5781,1,ZNF283,1
5782,1,ZNF284,1
5783,1,ZNF285A,1
5784,1,ZNF320,1
5785,1,ZNF321,1
5786,1,ZNF324,1
5787,1,ZNF324B,1
5788,1,ZNF337,1
5789,1,ZNF33A,1
5790,1,ZNF347,1
5791,1,ZNF350,1
5792,1,ZNF37A,1
5793,1,ZNF391,1
5794,1,ZNF394,1
5795,1,ZNF410,1
5796,1,ZNF415,1
5797,1,ZNF416,1
5798,1,ZNF417,1
5799,1,ZNF418,1
5800,1,ZNF425,1
5801,1,ZNF428,1
5802,1,ZNF431,2
5803,1,ZNF442,1
5804,1,ZNF444,1
5805,1,ZNF460,1
5806,1,ZNF467,1
5807,1,ZNF468,1
5808,1,ZNF470,1
5809,1,ZNF471,1
5810,1,ZNF480,1
5811,1,ZNF498,1
5812,1,ZNF506,1
5813,1,ZNF511,1
5814,1,ZNF528,1
5815,1,ZNF530,1
5816,1,ZNF543,1
5817,1,ZNF544,1
5818,1,ZNF547,1
5819,1,ZNF548,1
5820,1,ZNF549,1
5821,1,ZNF550,1
5822,1,ZNF551,1
5823,1,ZNF552,1
5824,1,ZNF560,1
5825,1,ZNF569,1
5826,1,ZNF575,1
5827,1,ZNF576,1
5828,1,ZNF578,1
5829,1,ZNF582,1
5830,1,ZNF583,1
5831,1,ZNF584,1
5832,1,ZNF586,1
5833,1,ZNF587,1
5834,1,ZNF600,1
5835,1,ZNF611,1
5836,1,ZNF615,1
5837,1,ZNF616,1
5838,1,ZNF630,1
5839,1,ZNF645,1
5840,1,ZNF646,1
5841,1,ZNF653,1
5842,1,ZNF655,1
5843,1,ZNF665,1
5844,1,ZNF667,1
5845,1,ZNF677,1
5846,1,ZNF687,1
5847,1,ZNF701,1
5848,1,ZNF708,2
5849,1,ZNF71,1
5850,1,ZNF749,1
5851,1,ZNF761,1
5852,1,ZNF765,1
5853,1,ZNF766,1
5854,1,ZNF770,1
5855,1,ZNF772,1
5856,1,ZNF773,1
5857,1,ZNF776,1
5858,1,ZNF786,1
5859,1,ZNF787,1
5860,1,ZNF808,1
5861,1,ZNF813,1
5862,1,ZNF816A,1
5863,1,ZNF83,1
5864,1,ZNF835,1
5865,1,ZNF836,1
5866,1,ZNRD1,1
5867,1,ZP3,1
5868,1,ZRANB1,1
5869,1,ZSCAN18,1
5870,1,ZSCAN21,1
5871,1,ZSCAN22,1
5872,1,ZSCAN5A,1
5873,1,ZWILCH,1
